2025-03-27 17:27:17,533 - __main__ - INFO - Starting NHL Performance Analysis Pipeline
2025-03-27 17:27:17,533 - __main__ - INFO - Seasons: ['20232024']
2025-03-27 17:27:17,534 - __main__ - INFO - Game types: ['R', 'P']
2025-03-27 17:27:17,534 - __main__ - INFO - Player types: ['G', 'D', 'F']
2025-03-27 17:27:17,534 - __main__ - INFO - Starting data collection...
2025-03-27 17:27:17,534 - __main__ - INFO - Executing: python D:\Python\Kopitar\kopitar\analysis\data_collection.py --seasons 20232024 --game_types R P --player_types G D F --output_dir D:\Python\Kopitar\kopitar\data
2025-03-27 17:27:19,014 - __main__ - ERROR - Data collection failed: Command '['python', 'D:\\Python\\Kopitar\\kopitar\\analysis\\data_collection.py', '--seasons', '20232024', '--game_types', 'R', 'P', '--player_types', 'G', 'D', 'F', '--output_dir', 'D:\\Python\\Kopitar\\kopitar\\data']' returned non-zero exit status 1.
2025-03-27 17:27:19,038 - __main__ - ERROR - Traceback (most recent call last):
  File "D:\Python\Kopitar\kopitar\analysis\data_collection.py", line 14, in <module>
    from utils.nhl_api import (
ImportError: cannot import name 'get_all_goalies' from 'utils.nhl_api' (D:\Python\Kopitar\kopitar\utils\nhl_api.py)

2025-03-27 17:27:19,038 - __main__ - ERROR - Pipeline aborted after data collection failure
2025-03-27 17:27:30,625 - __main__ - INFO - Starting NHL Performance Analysis Pipeline
2025-03-27 17:27:30,625 - __main__ - INFO - Seasons: ['20232024']
2025-03-27 17:27:30,626 - __main__ - INFO - Game types: ['R', 'P']
2025-03-27 17:27:30,626 - __main__ - INFO - Player types: ['G', 'D', 'F']
2025-03-27 17:27:30,626 - __main__ - INFO - Starting data collection...
2025-03-27 17:27:30,627 - __main__ - INFO - Executing: python D:\Python\Kopitar\kopitar\analysis\data_collection.py --seasons 20232024 --game_types R P --player_types G D F --output_dir D:\Python\Kopitar\kopitar\data
2025-03-27 17:27:31,936 - __main__ - ERROR - Data collection failed: Command '['python', 'D:\\Python\\Kopitar\\kopitar\\analysis\\data_collection.py', '--seasons', '20232024', '--game_types', 'R', 'P', '--player_types', 'G', 'D', 'F', '--output_dir', 'D:\\Python\\Kopitar\\kopitar\\data']' returned non-zero exit status 1.
2025-03-27 17:27:31,936 - __main__ - ERROR - Traceback (most recent call last):
  File "D:\Python\Kopitar\kopitar\analysis\data_collection.py", line 14, in <module>
    from utils.nhl_api import (
ImportError: cannot import name 'get_all_goalies' from 'utils.nhl_api' (D:\Python\Kopitar\kopitar\utils\nhl_api.py)

2025-03-27 17:27:31,938 - __main__ - ERROR - Pipeline aborted after data collection failure
2025-03-27 17:31:01,613 - __main__ - INFO - Starting NHL Performance Analysis Pipeline
2025-03-27 17:31:01,614 - __main__ - INFO - Seasons: ['20232024']
2025-03-27 17:31:01,614 - __main__ - INFO - Game types: ['R', 'P']
2025-03-27 17:31:01,614 - __main__ - INFO - Player types: ['G', 'D', 'F']
2025-03-27 17:31:01,614 - __main__ - INFO - Skipping data collection step
2025-03-27 17:31:01,614 - __main__ - INFO - Setting up database...
2025-03-27 17:31:01,615 - __main__ - INFO - Executing: python D:\Python\Kopitar\kopitar\database\db_setup.py --db_path D:\Python\Kopitar\kopitar\database\nhl_performance.db --data_dir D:\Python\Kopitar\kopitar\data
2025-03-27 17:31:08,126 - __main__ - INFO - 
2025-03-27 17:31:08,126 - __main__ - WARNING - 2025-03-27 17:31:02,461 - __main__ - INFO - Connected to database: D:\Python\Kopitar\kopitar\database\nhl_performance.db
2025-03-27 17:31:04,873 - __main__ - INFO - Database tables created successfully
2025-03-27 17:31:08,057 - __main__ - INFO - Database indexes created successfully
2025-03-27 17:31:08,057 - __main__ - INFO - Import statistics: {'teams': 0, 'schedules': 0, 'players': 0, 'game_logs': 0}
2025-03-27 17:31:08,057 - __main__ - INFO - Database setup complete: D:\Python\Kopitar\kopitar\database\nhl_performance.db

2025-03-27 17:31:08,126 - __main__ - INFO - Database setup completed in 6.51 seconds
2025-03-27 17:31:08,126 - __main__ - INFO - Running performance analysis...
2025-03-27 17:31:08,126 - __main__ - INFO - Executing: python D:\Python\Kopitar\kopitar\analysis\player_performance_analysis.py --output_dir D:\Python\Kopitar\kopitar\results --seasons 20232024
2025-03-27 17:31:08,984 - __main__ - ERROR - Analysis failed: Command '['python', 'D:\\Python\\Kopitar\\kopitar\\analysis\\player_performance_analysis.py', '--output_dir', 'D:\\Python\\Kopitar\\kopitar\\results', '--seasons', '20232024']' returned non-zero exit status 1.
2025-03-27 17:31:08,985 - __main__ - ERROR - Traceback (most recent call last):
  File "D:\Python\Kopitar\kopitar\analysis\player_performance_analysis.py", line 5, in <module>
    import matplotlib.pyplot as plt
ModuleNotFoundError: No module named 'matplotlib'

2025-03-27 17:31:08,985 - __main__ - ERROR - Pipeline aborted after analysis failure
2025-03-27 17:32:02,445 - __main__ - INFO - Starting NHL Performance Analysis Pipeline
2025-03-27 17:32:02,445 - __main__ - INFO - Seasons: ['20232024']
2025-03-27 17:32:02,446 - __main__ - INFO - Game types: ['R', 'P']
2025-03-27 17:32:02,446 - __main__ - INFO - Player types: ['G', 'D', 'F']
2025-03-27 17:32:02,446 - __main__ - INFO - Skipping data collection step
2025-03-27 17:32:02,446 - __main__ - INFO - Setting up database...
2025-03-27 17:32:02,447 - __main__ - INFO - Executing: python D:\Python\Kopitar\kopitar\database\db_setup.py --db_path D:\Python\Kopitar\kopitar\database\nhl_performance.db --data_dir D:\Python\Kopitar\kopitar\data
2025-03-27 17:32:03,595 - __main__ - INFO - 
2025-03-27 17:32:03,595 - __main__ - WARNING - 2025-03-27 17:32:03,523 - __main__ - INFO - Connected to database: D:\Python\Kopitar\kopitar\database\nhl_performance.db
2025-03-27 17:32:03,526 - __main__ - INFO - Database tables created successfully
2025-03-27 17:32:03,528 - __main__ - INFO - Database indexes created successfully
2025-03-27 17:32:03,528 - __main__ - INFO - Import statistics: {'teams': 0, 'schedules': 0, 'players': 0, 'game_logs': 0}
2025-03-27 17:32:03,528 - __main__ - INFO - Database setup complete: D:\Python\Kopitar\kopitar\database\nhl_performance.db

2025-03-27 17:32:03,596 - __main__ - INFO - Database setup completed in 1.15 seconds
2025-03-27 17:32:03,596 - __main__ - INFO - Running performance analysis...
2025-03-27 17:32:03,596 - __main__ - INFO - Executing: python D:\Python\Kopitar\kopitar\analysis\player_performance_analysis.py --output_dir D:\Python\Kopitar\kopitar\results --seasons 20232024
2025-03-27 17:32:07,478 - __main__ - ERROR - Analysis failed: Command '['python', 'D:\\Python\\Kopitar\\kopitar\\analysis\\player_performance_analysis.py', '--output_dir', 'D:\\Python\\Kopitar\\kopitar\\results', '--seasons', '20232024']' returned non-zero exit status 1.
2025-03-27 17:32:07,478 - __main__ - ERROR - Traceback (most recent call last):
  File "D:\Python\Kopitar\kopitar\analysis\player_performance_analysis.py", line 7, in <module>
    from scipy import stats
ModuleNotFoundError: No module named 'scipy'

2025-03-27 17:32:07,479 - __main__ - ERROR - Pipeline aborted after analysis failure
2025-03-28 08:05:36,360 - __main__ - INFO - Starting NHL Performance Analysis Pipeline
2025-03-28 08:05:36,361 - __main__ - INFO - Seasons: ['20232024']
2025-03-28 08:05:36,361 - __main__ - INFO - Game types: ['R', 'P']
2025-03-28 08:05:36,361 - __main__ - INFO - Player types: ['G', 'D', 'F']
2025-03-28 08:05:36,362 - __main__ - INFO - Skipping data collection step
2025-03-28 08:05:36,362 - __main__ - INFO - Setting up database...
2025-03-28 08:05:36,362 - __main__ - INFO - Executing: python D:\Python\Kopitar\kopitar\database\db_setup.py --db_path D:\Python\Kopitar\kopitar\database\nhl_performance.db --data_dir D:\Python\Kopitar\kopitar\data
2025-03-28 08:05:37,623 - __main__ - INFO - 
2025-03-28 08:05:37,623 - __main__ - WARNING - 2025-03-28 08:05:37,511 - __main__ - INFO - Connected to database: D:\Python\Kopitar\kopitar\database\nhl_performance.db
2025-03-28 08:05:37,514 - __main__ - INFO - Database tables created successfully
2025-03-28 08:05:37,516 - __main__ - INFO - Database indexes created successfully
2025-03-28 08:05:37,516 - __main__ - INFO - Import statistics: {'teams': 0, 'schedules': 0, 'players': 0, 'game_logs': 0}
2025-03-28 08:05:37,517 - __main__ - INFO - Database setup complete: D:\Python\Kopitar\kopitar\database\nhl_performance.db

2025-03-28 08:05:37,623 - __main__ - INFO - Database setup completed in 1.26 seconds
2025-03-28 08:05:37,624 - __main__ - INFO - Running performance analysis...
2025-03-28 08:05:37,624 - __main__ - INFO - Executing: python D:\Python\Kopitar\kopitar\analysis\player_performance_analysis.py --output_dir D:\Python\Kopitar\kopitar\results --seasons 20232024
2025-03-28 08:05:49,978 - __main__ - ERROR - Analysis failed: Command '['python', 'D:\\Python\\Kopitar\\kopitar\\analysis\\player_performance_analysis.py', '--output_dir', 'D:\\Python\\Kopitar\\kopitar\\results', '--seasons', '20232024']' returned non-zero exit status 1.
2025-03-28 08:06:10,787 - __main__ - ERROR - Traceback (most recent call last):
  File "D:\Python\Kopitar\kopitar\analysis\player_performance_analysis.py", line 10, in <module>
    from sklearn.ensemble import RandomForestRegressor
ModuleNotFoundError: No module named 'sklearn'

2025-03-28 08:06:11,251 - __main__ - ERROR - Pipeline aborted after analysis failure
2025-03-28 08:08:13,113 - __main__ - INFO - Starting NHL Performance Analysis Pipeline
2025-03-28 08:08:13,114 - __main__ - INFO - Seasons: ['20232024']
2025-03-28 08:08:13,114 - __main__ - INFO - Game types: ['R', 'P']
2025-03-28 08:08:13,115 - __main__ - INFO - Player types: ['G', 'D', 'F']
2025-03-28 08:08:13,115 - __main__ - INFO - Skipping data collection step
2025-03-28 08:08:13,115 - __main__ - INFO - Setting up database...
2025-03-28 08:08:13,115 - __main__ - INFO - Executing: python D:\Python\Kopitar\kopitar\database\db_setup.py --db_path D:\Python\Kopitar\kopitar\database\nhl_performance.db --data_dir D:\Python\Kopitar\kopitar\data
2025-03-28 08:08:14,338 - __main__ - INFO - 
2025-03-28 08:08:14,338 - __main__ - WARNING - 2025-03-28 08:08:14,219 - __main__ - INFO - Connected to database: D:\Python\Kopitar\kopitar\database\nhl_performance.db
2025-03-28 08:08:14,221 - __main__ - INFO - Database tables created successfully
2025-03-28 08:08:14,222 - __main__ - INFO - Database indexes created successfully
2025-03-28 08:08:14,223 - __main__ - INFO - Import statistics: {'teams': 0, 'schedules': 0, 'players': 0, 'game_logs': 0}
2025-03-28 08:08:14,223 - __main__ - INFO - Database setup complete: D:\Python\Kopitar\kopitar\database\nhl_performance.db

2025-03-28 08:08:14,339 - __main__ - INFO - Database setup completed in 1.22 seconds
2025-03-28 08:08:14,340 - __main__ - INFO - Running performance analysis...
2025-03-28 08:08:14,342 - __main__ - INFO - Executing: python D:\Python\Kopitar\kopitar\analysis\player_performance_analysis.py --output_dir D:\Python\Kopitar\kopitar\results --seasons 20232024
2025-03-28 08:08:21,406 - __main__ - ERROR - Analysis failed: Command '['python', 'D:\\Python\\Kopitar\\kopitar\\analysis\\player_performance_analysis.py', '--output_dir', 'D:\\Python\\Kopitar\\kopitar\\results', '--seasons', '20232024']' returned non-zero exit status 2.
2025-03-28 08:09:29,803 - __main__ - ERROR - usage: player_performance_analysis.py [-h] --data-file DATA_FILE
                                      [--position {G,D,F,all}]
                                      [--output-dir OUTPUT_DIR]
                                      [--min-games MIN_GAMES] [--save-results]
player_performance_analysis.py: error: the following arguments are required: --data-file

2025-03-28 08:09:29,804 - __main__ - ERROR - Pipeline aborted after analysis failure
2025-03-28 08:13:05,734 - __main__ - INFO - Starting NHL Performance Analysis Pipeline
2025-03-28 08:13:38,862 - __main__ - INFO - Seasons: ['20232024']
2025-03-28 08:13:39,397 - __main__ - INFO - Game types: ['R', 'P']
2025-03-28 08:13:39,399 - __main__ - INFO - Player types: ['G', 'D', 'F']
2025-03-28 08:13:39,399 - __main__ - INFO - Skipping data collection step
2025-03-28 08:13:39,399 - __main__ - INFO - Setting up database...
2025-03-28 08:13:39,399 - __main__ - INFO - Executing: python D:\Python\Kopitar\kopitar\database\db_setup.py --db_path D:\Python\Kopitar\kopitar\database\nhl_performance.db --data_dir D:\Python\Kopitar\kopitar\data
2025-03-28 08:13:40,525 - __main__ - INFO - 
2025-03-28 08:13:40,772 - __main__ - WARNING - 2025-03-28 08:13:40,455 - __main__ - INFO - Connected to database: D:\Python\Kopitar\kopitar\database\nhl_performance.db
2025-03-28 08:13:40,457 - __main__ - INFO - Database tables created successfully
2025-03-28 08:13:40,457 - __main__ - INFO - Database indexes created successfully
2025-03-28 08:13:40,458 - __main__ - INFO - Import statistics: {'teams': 0, 'schedules': 0, 'players': 0, 'game_logs': 0}
2025-03-28 08:13:40,458 - __main__ - INFO - Database setup complete: D:\Python\Kopitar\kopitar\database\nhl_performance.db

2025-03-28 08:13:40,772 - __main__ - INFO - Database setup completed in 1.14 seconds
2025-03-28 08:13:40,773 - __main__ - INFO - Running performance analysis...
2025-03-28 08:13:40,773 - __main__ - ERROR - Required data file does not exist: D:\Python\Kopitar\kopitar\data\nhl_data_20232024_schedules.csv
2025-03-28 08:13:40,773 - __main__ - ERROR - Pipeline aborted after analysis failure
2025-03-28 08:14:19,725 - __main__ - INFO - Starting NHL Performance Analysis Pipeline
2025-03-28 08:14:19,725 - __main__ - INFO - Seasons: ['20232024']
2025-03-28 08:14:19,729 - __main__ - INFO - Game types: ['R', 'P']
2025-03-28 08:14:19,737 - __main__ - INFO - Player types: ['G', 'D', 'F']
2025-03-28 08:14:19,763 - __main__ - INFO - Skipping data collection step
2025-03-28 08:14:19,767 - __main__ - INFO - Setting up database...
2025-03-28 08:14:19,769 - __main__ - INFO - Executing: python D:\Python\Kopitar\kopitar\database\db_setup.py --db_path D:\Python\Kopitar\kopitar\database\nhl_performance.db --data_dir D:\Python\Kopitar\kopitar\data
2025-03-28 08:14:20,714 - __main__ - INFO - 
2025-03-28 08:14:20,714 - __main__ - WARNING - 2025-03-28 08:14:20,644 - __main__ - INFO - Connected to database: D:\Python\Kopitar\kopitar\database\nhl_performance.db
2025-03-28 08:14:20,645 - __main__ - INFO - Database tables created successfully
2025-03-28 08:14:20,646 - __main__ - INFO - Database indexes created successfully
2025-03-28 08:14:20,646 - __main__ - INFO - Import statistics: {'teams': 0, 'schedules': 0, 'players': 0, 'game_logs': 0}
2025-03-28 08:14:20,646 - __main__ - INFO - Database setup complete: D:\Python\Kopitar\kopitar\database\nhl_performance.db

2025-03-28 08:14:20,714 - __main__ - INFO - Database setup completed in 0.94 seconds
2025-03-28 08:14:20,714 - __main__ - INFO - Running performance analysis...
2025-03-28 08:14:20,714 - __main__ - INFO - Using data file: data\nhl_data_20232024_schedules.csv
2025-03-28 08:14:20,714 - __main__ - INFO - Executing: python D:\Python\Kopitar\kopitar\analysis\player_performance_analysis.py --data-file data\nhl_data_20232024_schedules.csv --output-dir D:\Python\Kopitar\kopitar\results --position all --save-results
2025-03-28 08:14:24,432 - __main__ - ERROR - Analysis failed: Command '['python', 'D:\\Python\\Kopitar\\kopitar\\analysis\\player_performance_analysis.py', '--data-file', 'data\\nhl_data_20232024_schedules.csv', '--output-dir', 'D:\\Python\\Kopitar\\kopitar\\results', '--position', 'all', '--save-results']' returned non-zero exit status 1.
2025-03-28 08:14:24,432 - __main__ - ERROR - 2025-03-28 08:14:24,146 - __main__ - INFO - Loading data from data\nhl_data_20232024_schedules.csv
2025-03-28 08:14:24,163 - __main__ - INFO - Loaded dataset with 54 records
2025-03-28 08:14:24,163 - __main__ - INFO - Processing raw schedule data into analysis format...
Traceback (most recent call last):
  File "d:\Python\Kopitar\.conda\Lib\site-packages\pandas\core\indexes\base.py", line 3805, in get_loc
    return self._engine.get_loc(casted_key)
           ^^^^^^^^^^^^^^^^^^^^^^^^^^^^^^^^
  File "index.pyx", line 167, in pandas._libs.index.IndexEngine.get_loc
  File "index.pyx", line 196, in pandas._libs.index.IndexEngine.get_loc
  File "pandas\\_libs\\hashtable_class_helper.pxi", line 7081, in pandas._libs.hashtable.PyObjectHashTable.get_item
  File "pandas\\_libs\\hashtable_class_helper.pxi", line 7089, in pandas._libs.hashtable.PyObjectHashTable.get_item
KeyError: 'distance_traveled'

The above exception was the direct cause of the following exception:

Traceback (most recent call last):
  File "D:\Python\Kopitar\kopitar\analysis\player_performance_analysis.py", line 654, in <module>
    main() 
    ^^^^^^
  File "D:\Python\Kopitar\kopitar\analysis\player_performance_analysis.py", line 588, in main
    df = load_or_create_analysis_dataset(args.data_file, args.position)
         ^^^^^^^^^^^^^^^^^^^^^^^^^^^^^^^^^^^^^^^^^^^^^^^^^^^^^^^^^^^^^^
  File "D:\Python\Kopitar\kopitar\analysis\player_performance_analysis.py", line 73, in load_or_create_analysis_dataset
    games_df['travel_distance'] = games_df['distance_traveled'].fillna(0)
                                  ~~~~~~~~^^^^^^^^^^^^^^^^^^^^^
  File "d:\Python\Kopitar\.conda\Lib\site-packages\pandas\core\frame.py", line 4102, in __getitem__
    indexer = self.columns.get_loc(key)
              ^^^^^^^^^^^^^^^^^^^^^^^^^
  File "d:\Python\Kopitar\.conda\Lib\site-packages\pandas\core\indexes\base.py", line 3812, in get_loc
    raise KeyError(key) from err
KeyError: 'distance_traveled'

2025-03-28 08:14:24,432 - __main__ - ERROR - Pipeline aborted after analysis failure
2025-03-28 08:14:48,142 - __main__ - INFO - Starting NHL Performance Analysis Pipeline
2025-03-28 08:14:48,764 - __main__ - INFO - Seasons: ['20232024']
2025-03-28 08:14:48,764 - __main__ - INFO - Game types: ['R', 'P']
2025-03-28 08:14:48,764 - __main__ - INFO - Player types: ['G', 'D', 'F']
2025-03-28 08:14:48,765 - __main__ - INFO - Skipping data collection step
2025-03-28 08:14:48,765 - __main__ - INFO - Setting up database...
2025-03-28 08:14:48,765 - __main__ - INFO - Executing: python D:\Python\Kopitar\kopitar\database\db_setup.py --db_path D:\Python\Kopitar\kopitar\database\nhl_performance.db --data_dir D:\Python\Kopitar\kopitar\data
2025-03-28 08:14:51,520 - __main__ - INFO - 
2025-03-28 08:14:51,520 - __main__ - WARNING - 2025-03-28 08:14:50,061 - __main__ - INFO - Connected to database: D:\Python\Kopitar\kopitar\database\nhl_performance.db
2025-03-28 08:14:50,061 - __main__ - INFO - Database tables created successfully
2025-03-28 08:14:50,063 - __main__ - INFO - Database indexes created successfully
2025-03-28 08:14:50,064 - __main__ - INFO - Import statistics: {'teams': 0, 'schedules': 0, 'players': 0, 'game_logs': 0}
2025-03-28 08:14:50,064 - __main__ - INFO - Database setup complete: D:\Python\Kopitar\kopitar\database\nhl_performance.db

2025-03-28 08:14:51,520 - __main__ - INFO - Database setup completed in 2.76 seconds
2025-03-28 08:14:51,526 - __main__ - INFO - Running performance analysis...
2025-03-28 08:14:51,526 - __main__ - INFO - Using data file: data\nhl_data_20232024_schedules.csv
2025-03-28 08:14:51,528 - __main__ - INFO - Executing: python D:\Python\Kopitar\kopitar\analysis\player_performance_analysis.py --data-file data\nhl_data_20232024_schedules.csv --output-dir D:\Python\Kopitar\kopitar\results --position all --save-results
2025-03-28 08:16:16,623 - __main__ - INFO - 
2025-03-28 08:16:16,623 - __main__ - WARNING - 2025-03-28 08:14:54,769 - __main__ - INFO - Loading data from data\nhl_data_20232024_schedules.csv
2025-03-28 08:14:54,777 - __main__ - INFO - Loaded dataset with 54 records
2025-03-28 08:14:54,777 - __main__ - INFO - Processing raw schedule data into analysis format...
2025-03-28 08:14:54,781 - __main__ - INFO - Loading teams data from data\nhl_data_20232024_teams.csv
2025-03-28 08:14:54,786 - __main__ - INFO - Created analysis dataset with 54 records
2025-03-28 08:14:54,917 - __main__ - INFO - 
==================================================
2025-03-28 08:14:54,918 - __main__ - INFO - Analyzing F players
2025-03-28 08:14:54,918 - __main__ - INFO - ==================================================
2025-03-28 08:14:54,919 - __main__ - INFO - Analyzing 54 records for F players
2025-03-28 08:14:54,919 - __main__ - INFO - Creating visualizations for 7 metrics: points, goals, assists, shots, timeOnIceMins, hits, faceoffWinPct
2025-03-28 08:16:07,662 - matplotlib.category - INFO - Using categorical units to plot a list of strings that are all parsable as floats or dates. If these strings should be plotted as numbers, cast to the appropriate data type before plotting.
2025-03-28 08:16:07,670 - matplotlib.category - INFO - Using categorical units to plot a list of strings that are all parsable as floats or dates. If these strings should be plotted as numbers, cast to the appropriate data type before plotting.
2025-03-28 08:16:08,094 - matplotlib.category - INFO - Using categorical units to plot a list of strings that are all parsable as floats or dates. If these strings should be plotted as numbers, cast to the appropriate data type before plotting.
2025-03-28 08:16:08,094 - matplotlib.category - INFO - Using categorical units to plot a list of strings that are all parsable as floats or dates. If these strings should be plotted as numbers, cast to the appropriate data type before plotting.
2025-03-28 08:16:08,527 - matplotlib.category - INFO - Using categorical units to plot a list of strings that are all parsable as floats or dates. If these strings should be plotted as numbers, cast to the appropriate data type before plotting.
2025-03-28 08:16:08,749 - matplotlib.category - INFO - Using categorical units to plot a list of strings that are all parsable as floats or dates. If these strings should be plotted as numbers, cast to the appropriate data type before plotting.
2025-03-28 08:16:09,181 - matplotlib.category - INFO - Using categorical units to plot a list of strings that are all parsable as floats or dates. If these strings should be plotted as numbers, cast to the appropriate data type before plotting.
2025-03-28 08:16:09,187 - matplotlib.category - INFO - Using categorical units to plot a list of strings that are all parsable as floats or dates. If these strings should be plotted as numbers, cast to the appropriate data type before plotting.
2025-03-28 08:16:09,615 - matplotlib.category - INFO - Using categorical units to plot a list of strings that are all parsable as floats or dates. If these strings should be plotted as numbers, cast to the appropriate data type before plotting.
2025-03-28 08:16:09,615 - matplotlib.category - INFO - Using categorical units to plot a list of strings that are all parsable as floats or dates. If these strings should be plotted as numbers, cast to the appropriate data type before plotting.
2025-03-28 08:16:11,395 - matplotlib.category - INFO - Using categorical units to plot a list of strings that are all parsable as floats or dates. If these strings should be plotted as numbers, cast to the appropriate data type before plotting.
2025-03-28 08:16:11,395 - matplotlib.category - INFO - Using categorical units to plot a list of strings that are all parsable as floats or dates. If these strings should be plotted as numbers, cast to the appropriate data type before plotting.
2025-03-28 08:16:11,865 - matplotlib.category - INFO - Using categorical units to plot a list of strings that are all parsable as floats or dates. If these strings should be plotted as numbers, cast to the appropriate data type before plotting.
2025-03-28 08:16:11,869 - matplotlib.category - INFO - Using categorical units to plot a list of strings that are all parsable as floats or dates. If these strings should be plotted as numbers, cast to the appropriate data type before plotting.
2025-03-28 08:16:12,261 - matplotlib.category - INFO - Using categorical units to plot a list of strings that are all parsable as floats or dates. If these strings should be plotted as numbers, cast to the appropriate data type before plotting.
2025-03-28 08:16:12,261 - matplotlib.category - INFO - Using categorical units to plot a list of strings that are all parsable as floats or dates. If these strings should be plotted as numbers, cast to the appropriate data type before plotting.
2025-03-28 08:16:12,475 - matplotlib.category - INFO - Using categorical units to plot a list of strings that are all parsable as floats or dates. If these strings should be plotted as numbers, cast to the appropriate data type before plotting.
2025-03-28 08:16:12,478 - matplotlib.category - INFO - Using categorical units to plot a list of strings that are all parsable as floats or dates. If these strings should be plotted as numbers, cast to the appropriate data type before plotting.
2025-03-28 08:16:12,799 - matplotlib.category - INFO - Using categorical units to plot a list of strings that are all parsable as floats or dates. If these strings should be plotted as numbers, cast to the appropriate data type before plotting.
2025-03-28 08:16:12,806 - matplotlib.category - INFO - Using categorical units to plot a list of strings that are all parsable as floats or dates. If these strings should be plotted as numbers, cast to the appropriate data type before plotting.
2025-03-28 08:16:13,021 - matplotlib.category - INFO - Using categorical units to plot a list of strings that are all parsable as floats or dates. If these strings should be plotted as numbers, cast to the appropriate data type before plotting.
2025-03-28 08:16:13,026 - matplotlib.category - INFO - Using categorical units to plot a list of strings that are all parsable as floats or dates. If these strings should be plotted as numbers, cast to the appropriate data type before plotting.
2025-03-28 08:16:13,259 - matplotlib.category - INFO - Using categorical units to plot a list of strings that are all parsable as floats or dates. If these strings should be plotted as numbers, cast to the appropriate data type before plotting.
2025-03-28 08:16:13,262 - matplotlib.category - INFO - Using categorical units to plot a list of strings that are all parsable as floats or dates. If these strings should be plotted as numbers, cast to the appropriate data type before plotting.
2025-03-28 08:16:13,474 - matplotlib.category - INFO - Using categorical units to plot a list of strings that are all parsable as floats or dates. If these strings should be plotted as numbers, cast to the appropriate data type before plotting.
2025-03-28 08:16:13,479 - matplotlib.category - INFO - Using categorical units to plot a list of strings that are all parsable as floats or dates. If these strings should be plotted as numbers, cast to the appropriate data type before plotting.
2025-03-28 08:16:13,738 - matplotlib.category - INFO - Using categorical units to plot a list of strings that are all parsable as floats or dates. If these strings should be plotted as numbers, cast to the appropriate data type before plotting.
2025-03-28 08:16:13,743 - matplotlib.category - INFO - Using categorical units to plot a list of strings that are all parsable as floats or dates. If these strings should be plotted as numbers, cast to the appropriate data type before plotting.
2025-03-28 08:16:16,248 - __main__ - INFO - Exploratory analysis complete for F. Figures saved to D:\Python\Kopitar\kopitar\results\F
2025-03-28 08:16:16,248 - __main__ - INFO - Using points (Points) as primary metric for analysis
D:\Python\Kopitar\kopitar\analysis\player_performance_analysis.py:428: ConstantInputWarning: An input array is constant; the correlation coefficient is not defined.
  correlation, p_value = stats.pearsonr(valid_data['travel_distance'], valid_data[primary_metric])
2025-03-28 08:16:16,248 - __main__ - INFO - 
Correlation: Travel Distance vs. Points
2025-03-28 08:16:16,248 - __main__ - INFO - Correlation coefficient: nan
2025-03-28 08:16:16,248 - __main__ - INFO - p-value: nan
2025-03-28 08:16:16,248 - __main__ - INFO - The correlation is not statistically significant (p >= 0.05)
2025-03-28 08:16:16,248 - __main__ - INFO - 
Completed statistical analysis for F position (1 tests)
2025-03-28 08:16:16,248 - __main__ - WARNING - No player_id column found in dataset. Cannot analyze individual player trends.
2025-03-28 08:16:16,248 - __main__ - INFO - Saved statistical analysis results to D:\Python\Kopitar\kopitar\results\F\statistical_analysis.pkl
2025-03-28 08:16:16,248 - __main__ - INFO - 
Analysis complete!

2025-03-28 08:16:16,624 - __main__ - INFO - Analysis completed in 85.10 seconds
2025-03-28 08:16:16,625 - __main__ - INFO - NHL Performance Analysis Pipeline completed successfully
2025-03-28 08:35:12,891 - __main__ - INFO - Starting NHL Performance Analysis Pipeline
2025-03-28 08:35:14,537 - __main__ - INFO - Seasons: ['20222023', '20232024']
2025-03-28 08:35:14,537 - __main__ - INFO - Game types: ['R', 'P']
2025-03-28 08:35:15,806 - __main__ - INFO - Player types: ['G', 'D', 'F']
2025-03-28 08:35:15,806 - __main__ - INFO - Starting data collection...
2025-03-28 08:35:15,806 - __main__ - INFO - Executing: python D:\Python\Kopitar\kopitar\analysis\data_collection.py --seasons 20222023 20232024 --game_types R P --player_types G D F --output_dir D:\Python\Kopitar\kopitar\data
2025-03-28 08:41:52,103 - __main__ - INFO - 
2025-03-28 08:41:52,103 - __main__ - WARNING - 2025-03-28 08:39:50,831 - __main__ - INFO - Collecting data for NHL seasons: ['20222023', '20232024'], game types: ['R', 'P'], player types: ['G', 'D', 'F']
2025-03-28 08:39:50,832 - utils.nhl_api - INFO - NHL API Client initialized for season 20242025
2025-03-28 08:39:50,832 - __main__ - INFO - Processing season 20222023...
2025-03-28 08:39:50,832 - __main__ - INFO - Fetching team information...
2025-03-28 08:39:50,832 - utils.nhl_api - INFO - NHL API Client initialized for season 20242025
2025-03-28 08:39:50,832 - utils.nhl_api - INFO - Fetching teams information...
2025-03-28 08:39:57,925 - httpx - INFO - HTTP Request: GET https://api-web.nhle.com/v1/standings/now "HTTP/1.1 307 Temporary Redirect"
2025-03-28 08:39:58,077 - httpx - INFO - HTTP Request: GET https://api-web.nhle.com/v1/standings/2025-03-27 "HTTP/1.1 200 OK"
2025-03-28 08:39:58,734 - utils.nhl_api - WARNING - Error fetching teams from standings: 'list' object has no attribute 'get'
2025-03-28 08:39:58,736 - utils.nhl_api - WARNING - Error fetching teams from teams endpoint: 'Teams' object has no attribute 'all_teams'
2025-03-28 08:39:58,736 - utils.nhl_api - WARNING - Using hardcoded team list as fallback
2025-03-28 08:39:59,721 - __main__ - INFO - Saved team information for 33 teams
2025-03-28 08:39:59,722 - __main__ - INFO - Processing regular_season games...
2025-03-28 08:39:59,722 - __main__ - INFO - Fetching regular_season schedule...
2025-03-28 08:39:59,722 - utils.nhl_api - INFO - NHL API Client initialized for season 20242025
2025-03-28 08:39:59,722 - utils.nhl_api - INFO - Fetching schedule...
2025-03-28 08:40:00,359 - httpx - INFO - HTTP Request: GET https://api-web.nhle.com/v1/schedule/now "HTTP/1.1 307 Temporary Redirect"
2025-03-28 08:40:00,654 - httpx - INFO - HTTP Request: GET https://api-web.nhle.com/v1/schedule/2025-03-27 "HTTP/1.1 200 OK"
2025-03-28 08:40:00,658 - utils.nhl_api - INFO - Found 54 games in schedule
2025-03-28 08:40:00,976 - __main__ - INFO - Adding travel data to schedule...
2025-03-28 08:40:19,540 - __main__ - INFO - Saved regular_season schedule with travel data for 54 games

Processing teams:   0%|          | 0/33 [00:00<?, ?it/s]2025-03-28 08:40:20,157 - utils.nhl_api - INFO - NHL API Client initialized for season 20242025
2025-03-28 08:40:20,157 - utils.nhl_api - INFO - Fetching roster for team ID 1...
2025-03-28 08:40:20,800 - httpx - INFO - HTTP Request: GET https://api-web.nhle.com/v1/roster/1/20222023 "HTTP/1.1 404 Not Found"
2025-03-28 08:40:20,800 - utils.nhl_api - WARNING - Could not fetch roster using standard method, team may not exist
2025-03-28 08:40:20,800 - utils.nhl_api - INFO - Found 0 players on roster

Processing teams:   3%|3         | 1/33 [00:00<00:20,  1.55it/s]2025-03-28 08:40:20,803 - utils.nhl_api - INFO - NHL API Client initialized for season 20242025
2025-03-28 08:40:20,803 - utils.nhl_api - INFO - Fetching roster for team ID 2...
2025-03-28 08:40:21,578 - httpx - INFO - HTTP Request: GET https://api-web.nhle.com/v1/roster/2/20222023 "HTTP/1.1 404 Not Found"
2025-03-28 08:40:21,578 - utils.nhl_api - WARNING - Could not fetch roster using standard method, team may not exist
2025-03-28 08:40:21,578 - utils.nhl_api - INFO - Found 0 players on roster

Processing teams:   6%|6         | 2/33 [00:01<00:22,  1.39it/s]2025-03-28 08:40:21,578 - utils.nhl_api - INFO - NHL API Client initialized for season 20242025
2025-03-28 08:40:21,578 - utils.nhl_api - INFO - Fetching roster for team ID 3...
2025-03-28 08:40:22,182 - httpx - INFO - HTTP Request: GET https://api-web.nhle.com/v1/roster/3/20222023 "HTTP/1.1 404 Not Found"
2025-03-28 08:40:22,182 - utils.nhl_api - WARNING - Could not fetch roster using standard method, team may not exist
2025-03-28 08:40:22,182 - utils.nhl_api - INFO - Found 0 players on roster

Processing teams:   9%|9         | 3/33 [00:02<00:20,  1.50it/s]2025-03-28 08:40:22,190 - utils.nhl_api - INFO - NHL API Client initialized for season 20242025
2025-03-28 08:40:22,190 - utils.nhl_api - INFO - Fetching roster for team ID 4...
2025-03-28 08:40:22,805 - httpx - INFO - HTTP Request: GET https://api-web.nhle.com/v1/roster/4/20222023 "HTTP/1.1 404 Not Found"
2025-03-28 08:40:22,805 - utils.nhl_api - WARNING - Could not fetch roster using standard method, team may not exist
2025-03-28 08:40:22,805 - utils.nhl_api - INFO - Found 0 players on roster

Processing teams:  12%|#2        | 4/33 [00:02<00:18,  1.54it/s]2025-03-28 08:40:22,805 - utils.nhl_api - INFO - NHL API Client initialized for season 20242025
2025-03-28 08:40:22,805 - utils.nhl_api - INFO - Fetching roster for team ID 5...
2025-03-28 08:40:23,561 - httpx - INFO - HTTP Request: GET https://api-web.nhle.com/v1/roster/5/20222023 "HTTP/1.1 404 Not Found"
2025-03-28 08:40:23,561 - utils.nhl_api - WARNING - Could not fetch roster using standard method, team may not exist
2025-03-28 08:40:23,561 - utils.nhl_api - INFO - Found 0 players on roster

Processing teams:  15%|#5        | 5/33 [00:03<00:19,  1.45it/s]2025-03-28 08:40:23,561 - utils.nhl_api - INFO - NHL API Client initialized for season 20242025
2025-03-28 08:40:23,561 - utils.nhl_api - INFO - Fetching roster for team ID 6...
2025-03-28 08:40:24,141 - httpx - INFO - HTTP Request: GET https://api-web.nhle.com/v1/roster/6/20222023 "HTTP/1.1 404 Not Found"
2025-03-28 08:40:24,141 - utils.nhl_api - WARNING - Could not fetch roster using standard method, team may not exist
2025-03-28 08:40:24,141 - utils.nhl_api - INFO - Found 0 players on roster

Processing teams:  18%|#8        | 6/33 [00:03<00:17,  1.54it/s]2025-03-28 08:40:24,141 - utils.nhl_api - INFO - NHL API Client initialized for season 20242025
2025-03-28 08:40:24,141 - utils.nhl_api - INFO - Fetching roster for team ID 7...
2025-03-28 08:40:24,738 - httpx - INFO - HTTP Request: GET https://api-web.nhle.com/v1/roster/7/20222023 "HTTP/1.1 404 Not Found"
2025-03-28 08:40:24,738 - utils.nhl_api - WARNING - Could not fetch roster using standard method, team may not exist
2025-03-28 08:40:24,738 - utils.nhl_api - INFO - Found 0 players on roster

Processing teams:  21%|##1       | 7/33 [00:04<00:16,  1.58it/s]2025-03-28 08:40:24,740 - utils.nhl_api - INFO - NHL API Client initialized for season 20242025
2025-03-28 08:40:24,740 - utils.nhl_api - INFO - Fetching roster for team ID 8...
2025-03-28 08:40:25,317 - httpx - INFO - HTTP Request: GET https://api-web.nhle.com/v1/roster/8/20222023 "HTTP/1.1 404 Not Found"
2025-03-28 08:40:25,317 - utils.nhl_api - WARNING - Could not fetch roster using standard method, team may not exist
2025-03-28 08:40:25,317 - utils.nhl_api - INFO - Found 0 players on roster

Processing teams:  24%|##4       | 8/33 [00:05<00:15,  1.62it/s]2025-03-28 08:40:25,318 - utils.nhl_api - INFO - NHL API Client initialized for season 20242025
2025-03-28 08:40:25,318 - utils.nhl_api - INFO - Fetching roster for team ID 9...
2025-03-28 08:40:25,883 - httpx - INFO - HTTP Request: GET https://api-web.nhle.com/v1/roster/9/20222023 "HTTP/1.1 404 Not Found"
2025-03-28 08:40:25,883 - utils.nhl_api - WARNING - Could not fetch roster using standard method, team may not exist
2025-03-28 08:40:25,883 - utils.nhl_api - INFO - Found 0 players on roster

Processing teams:  27%|##7       | 9/33 [00:05<00:14,  1.66it/s]2025-03-28 08:40:25,885 - utils.nhl_api - INFO - NHL API Client initialized for season 20242025
2025-03-28 08:40:25,885 - utils.nhl_api - INFO - Fetching roster for team ID 10...
2025-03-28 08:40:26,680 - httpx - INFO - HTTP Request: GET https://api-web.nhle.com/v1/roster/10/20222023 "HTTP/1.1 404 Not Found"
2025-03-28 08:40:26,680 - utils.nhl_api - WARNING - Could not fetch roster using standard method, team may not exist
2025-03-28 08:40:26,680 - utils.nhl_api - INFO - Found 0 players on roster

Processing teams:  30%|###       | 10/33 [00:06<00:15,  1.51it/s]2025-03-28 08:40:26,680 - utils.nhl_api - INFO - NHL API Client initialized for season 20242025
2025-03-28 08:40:26,680 - utils.nhl_api - INFO - Fetching roster for team ID 12...
2025-03-28 08:40:27,474 - httpx - INFO - HTTP Request: GET https://api-web.nhle.com/v1/roster/12/20222023 "HTTP/1.1 404 Not Found"
2025-03-28 08:40:27,474 - utils.nhl_api - WARNING - Could not fetch roster using standard method, team may not exist
2025-03-28 08:40:27,474 - utils.nhl_api - INFO - Found 0 players on roster

Processing teams:  33%|###3      | 11/33 [00:07<00:15,  1.43it/s]2025-03-28 08:40:27,474 - utils.nhl_api - INFO - NHL API Client initialized for season 20242025
2025-03-28 08:40:27,474 - utils.nhl_api - INFO - Fetching roster for team ID 13...
2025-03-28 08:40:28,112 - httpx - INFO - HTTP Request: GET https://api-web.nhle.com/v1/roster/13/20222023 "HTTP/1.1 404 Not Found"
2025-03-28 08:40:28,112 - utils.nhl_api - WARNING - Could not fetch roster using standard method, team may not exist
2025-03-28 08:40:28,112 - utils.nhl_api - INFO - Found 0 players on roster

Processing teams:  36%|###6      | 12/33 [00:07<00:14,  1.46it/s]2025-03-28 08:40:28,114 - utils.nhl_api - INFO - NHL API Client initialized for season 20242025
2025-03-28 08:40:28,114 - utils.nhl_api - INFO - Fetching roster for team ID 14...
2025-03-28 08:40:28,718 - httpx - INFO - HTTP Request: GET https://api-web.nhle.com/v1/roster/14/20222023 "HTTP/1.1 404 Not Found"
2025-03-28 08:40:28,718 - utils.nhl_api - WARNING - Could not fetch roster using standard method, team may not exist
2025-03-28 08:40:28,718 - utils.nhl_api - INFO - Found 0 players on roster

Processing teams:  39%|###9      | 13/33 [00:08<00:13,  1.52it/s]2025-03-28 08:40:28,718 - utils.nhl_api - INFO - NHL API Client initialized for season 20242025
2025-03-28 08:40:28,718 - utils.nhl_api - INFO - Fetching roster for team ID 15...
2025-03-28 08:40:29,341 - httpx - INFO - HTTP Request: GET https://api-web.nhle.com/v1/roster/15/20222023 "HTTP/1.1 404 Not Found"
2025-03-28 08:40:29,341 - utils.nhl_api - WARNING - Could not fetch roster using standard method, team may not exist
2025-03-28 08:40:29,341 - utils.nhl_api - INFO - Found 0 players on roster

Processing teams:  42%|####2     | 14/33 [00:09<00:12,  1.54it/s]2025-03-28 08:40:29,342 - utils.nhl_api - INFO - NHL API Client initialized for season 20242025
2025-03-28 08:40:29,342 - utils.nhl_api - INFO - Fetching roster for team ID 16...
2025-03-28 08:40:30,185 - httpx - INFO - HTTP Request: GET https://api-web.nhle.com/v1/roster/16/20222023 "HTTP/1.1 404 Not Found"
2025-03-28 08:40:30,185 - utils.nhl_api - WARNING - Could not fetch roster using standard method, team may not exist
2025-03-28 08:40:30,185 - utils.nhl_api - INFO - Found 0 players on roster

Processing teams:  45%|####5     | 15/33 [00:10<00:12,  1.41it/s]2025-03-28 08:40:30,187 - utils.nhl_api - INFO - NHL API Client initialized for season 20242025
2025-03-28 08:40:30,187 - utils.nhl_api - INFO - Fetching roster for team ID 17...
2025-03-28 08:40:30,859 - httpx - INFO - HTTP Request: GET https://api-web.nhle.com/v1/roster/17/20222023 "HTTP/1.1 404 Not Found"
2025-03-28 08:40:30,859 - utils.nhl_api - WARNING - Could not fetch roster using standard method, team may not exist
2025-03-28 08:40:30,860 - utils.nhl_api - INFO - Found 0 players on roster

Processing teams:  48%|####8     | 16/33 [00:10<00:11,  1.43it/s]2025-03-28 08:40:30,860 - utils.nhl_api - INFO - NHL API Client initialized for season 20242025
2025-03-28 08:40:30,860 - utils.nhl_api - INFO - Fetching roster for team ID 18...
2025-03-28 08:40:31,577 - httpx - INFO - HTTP Request: GET https://api-web.nhle.com/v1/roster/18/20222023 "HTTP/1.1 404 Not Found"
2025-03-28 08:40:31,577 - utils.nhl_api - WARNING - Could not fetch roster using standard method, team may not exist
2025-03-28 08:40:31,578 - utils.nhl_api - INFO - Found 0 players on roster

Processing teams:  52%|#####1    | 17/33 [00:11<00:11,  1.42it/s]2025-03-28 08:40:31,578 - utils.nhl_api - INFO - NHL API Client initialized for season 20242025
2025-03-28 08:40:31,578 - utils.nhl_api - INFO - Fetching roster for team ID 19...
2025-03-28 08:40:32,156 - httpx - INFO - HTTP Request: GET https://api-web.nhle.com/v1/roster/19/20222023 "HTTP/1.1 404 Not Found"
2025-03-28 08:40:32,156 - utils.nhl_api - WARNING - Could not fetch roster using standard method, team may not exist
2025-03-28 08:40:32,156 - utils.nhl_api - INFO - Found 0 players on roster

Processing teams:  55%|#####4    | 18/33 [00:12<00:09,  1.50it/s]2025-03-28 08:40:32,157 - utils.nhl_api - INFO - NHL API Client initialized for season 20242025
2025-03-28 08:40:32,157 - utils.nhl_api - INFO - Fetching roster for team ID 20...
2025-03-28 08:40:32,725 - httpx - INFO - HTTP Request: GET https://api-web.nhle.com/v1/roster/20/20222023 "HTTP/1.1 404 Not Found"
2025-03-28 08:40:32,725 - utils.nhl_api - WARNING - Could not fetch roster using standard method, team may not exist
2025-03-28 08:40:32,725 - utils.nhl_api - INFO - Found 0 players on roster

Processing teams:  58%|#####7    | 19/33 [00:12<00:08,  1.57it/s]2025-03-28 08:40:32,726 - utils.nhl_api - INFO - NHL API Client initialized for season 20242025
2025-03-28 08:40:32,726 - utils.nhl_api - INFO - Fetching roster for team ID 21...
2025-03-28 08:40:33,465 - httpx - INFO - HTTP Request: GET https://api-web.nhle.com/v1/roster/21/20222023 "HTTP/1.1 404 Not Found"
2025-03-28 08:40:33,466 - utils.nhl_api - WARNING - Could not fetch roster using standard method, team may not exist
2025-03-28 08:40:33,466 - utils.nhl_api - INFO - Found 0 players on roster

Processing teams:  61%|######    | 20/33 [00:13<00:08,  1.50it/s]2025-03-28 08:40:33,467 - utils.nhl_api - INFO - NHL API Client initialized for season 20242025
2025-03-28 08:40:33,467 - utils.nhl_api - INFO - Fetching roster for team ID 22...
2025-03-28 08:40:34,176 - httpx - INFO - HTTP Request: GET https://api-web.nhle.com/v1/roster/22/20222023 "HTTP/1.1 404 Not Found"
2025-03-28 08:40:34,199 - utils.nhl_api - WARNING - Could not fetch roster using standard method, team may not exist
2025-03-28 08:40:34,200 - utils.nhl_api - INFO - Found 0 players on roster

Processing teams:  64%|######3   | 21/33 [00:14<00:08,  1.45it/s]2025-03-28 08:40:34,201 - utils.nhl_api - INFO - NHL API Client initialized for season 20242025
2025-03-28 08:40:34,201 - utils.nhl_api - INFO - Fetching roster for team ID 23...
2025-03-28 08:40:34,794 - httpx - INFO - HTTP Request: GET https://api-web.nhle.com/v1/roster/23/20222023 "HTTP/1.1 404 Not Found"
2025-03-28 08:40:34,794 - utils.nhl_api - WARNING - Could not fetch roster using standard method, team may not exist
2025-03-28 08:40:34,794 - utils.nhl_api - INFO - Found 0 players on roster

Processing teams:  67%|######6   | 22/33 [00:14<00:07,  1.52it/s]2025-03-28 08:40:34,794 - utils.nhl_api - INFO - NHL API Client initialized for season 20242025
2025-03-28 08:40:34,794 - utils.nhl_api - INFO - Fetching roster for team ID 24...
2025-03-28 08:40:35,359 - httpx - INFO - HTTP Request: GET https://api-web.nhle.com/v1/roster/24/20222023 "HTTP/1.1 404 Not Found"
2025-03-28 08:40:35,359 - utils.nhl_api - WARNING - Could not fetch roster using standard method, team may not exist
2025-03-28 08:40:35,359 - utils.nhl_api - INFO - Found 0 players on roster

Processing teams:  70%|######9   | 23/33 [00:15<00:06,  1.58it/s]2025-03-28 08:40:35,359 - utils.nhl_api - INFO - NHL API Client initialized for season 20242025
2025-03-28 08:40:35,359 - utils.nhl_api - INFO - Fetching roster for team ID 25...
2025-03-28 08:40:36,259 - httpx - INFO - HTTP Request: GET https://api-web.nhle.com/v1/roster/25/20222023 "HTTP/1.1 404 Not Found"
2025-03-28 08:40:36,259 - utils.nhl_api - WARNING - Could not fetch roster using standard method, team may not exist
2025-03-28 08:40:36,262 - utils.nhl_api - INFO - Found 0 players on roster

Processing teams:  73%|#######2  | 24/33 [00:16<00:06,  1.40it/s]2025-03-28 08:40:36,262 - utils.nhl_api - INFO - NHL API Client initialized for season 20242025
2025-03-28 08:40:36,262 - utils.nhl_api - INFO - Fetching roster for team ID 26...
2025-03-28 08:40:36,928 - httpx - INFO - HTTP Request: GET https://api-web.nhle.com/v1/roster/26/20222023 "HTTP/1.1 404 Not Found"
2025-03-28 08:40:36,929 - utils.nhl_api - WARNING - Could not fetch roster using standard method, team may not exist
2025-03-28 08:40:36,929 - utils.nhl_api - INFO - Found 0 players on roster

Processing teams:  76%|#######5  | 25/33 [00:16<00:05,  1.43it/s]2025-03-28 08:40:36,930 - utils.nhl_api - INFO - NHL API Client initialized for season 20242025
2025-03-28 08:40:36,930 - utils.nhl_api - INFO - Fetching roster for team ID 28...
2025-03-28 08:40:37,553 - httpx - INFO - HTTP Request: GET https://api-web.nhle.com/v1/roster/28/20222023 "HTTP/1.1 404 Not Found"
2025-03-28 08:40:37,553 - utils.nhl_api - WARNING - Could not fetch roster using standard method, team may not exist
2025-03-28 08:40:37,553 - utils.nhl_api - INFO - Found 0 players on roster

Processing teams:  79%|#######8  | 26/33 [00:17<00:04,  1.48it/s]2025-03-28 08:40:37,553 - utils.nhl_api - INFO - NHL API Client initialized for season 20242025
2025-03-28 08:40:37,553 - utils.nhl_api - INFO - Fetching roster for team ID 29...
2025-03-28 08:40:38,252 - httpx - INFO - HTTP Request: GET https://api-web.nhle.com/v1/roster/29/20222023 "HTTP/1.1 404 Not Found"
2025-03-28 08:40:38,253 - utils.nhl_api - WARNING - Could not fetch roster using standard method, team may not exist
2025-03-28 08:40:38,253 - utils.nhl_api - INFO - Found 0 players on roster

Processing teams:  82%|########1 | 27/33 [00:18<00:04,  1.46it/s]2025-03-28 08:40:38,253 - utils.nhl_api - INFO - NHL API Client initialized for season 20242025
2025-03-28 08:40:38,253 - utils.nhl_api - INFO - Fetching roster for team ID 30...
2025-03-28 08:40:39,096 - httpx - INFO - HTTP Request: GET https://api-web.nhle.com/v1/roster/30/20222023 "HTTP/1.1 404 Not Found"
2025-03-28 08:40:39,097 - utils.nhl_api - WARNING - Could not fetch roster using standard method, team may not exist
2025-03-28 08:40:39,097 - utils.nhl_api - INFO - Found 0 players on roster

Processing teams:  85%|########4 | 28/33 [00:18<00:03,  1.37it/s]2025-03-28 08:40:39,098 - utils.nhl_api - INFO - NHL API Client initialized for season 20242025
2025-03-28 08:40:39,098 - utils.nhl_api - INFO - Fetching roster for team ID 52...
2025-03-28 08:40:39,732 - httpx - INFO - HTTP Request: GET https://api-web.nhle.com/v1/roster/52/20222023 "HTTP/1.1 404 Not Found"
2025-03-28 08:40:39,733 - utils.nhl_api - WARNING - Could not fetch roster using standard method, team may not exist
2025-03-28 08:40:39,733 - utils.nhl_api - INFO - Found 0 players on roster

Processing teams:  88%|########7 | 29/33 [00:19<00:02,  1.42it/s]2025-03-28 08:40:39,734 - utils.nhl_api - INFO - NHL API Client initialized for season 20242025
2025-03-28 08:40:39,734 - utils.nhl_api - INFO - Fetching roster for team ID 53...
2025-03-28 08:40:40,470 - httpx - INFO - HTTP Request: GET https://api-web.nhle.com/v1/roster/53/20222023 "HTTP/1.1 404 Not Found"
2025-03-28 08:40:40,470 - utils.nhl_api - WARNING - Could not fetch roster using standard method, team may not exist
2025-03-28 08:40:40,470 - utils.nhl_api - INFO - Found 0 players on roster

Processing teams:  91%|######### | 30/33 [00:20<00:02,  1.40it/s]2025-03-28 08:40:40,471 - utils.nhl_api - INFO - NHL API Client initialized for season 20242025
2025-03-28 08:40:40,471 - utils.nhl_api - INFO - Fetching roster for team ID 54...
2025-03-28 08:40:41,048 - httpx - INFO - HTTP Request: GET https://api-web.nhle.com/v1/roster/54/20222023 "HTTP/1.1 404 Not Found"
2025-03-28 08:40:41,049 - utils.nhl_api - WARNING - Could not fetch roster using standard method, team may not exist
2025-03-28 08:40:41,049 - utils.nhl_api - INFO - Found 0 players on roster

Processing teams:  94%|#########3| 31/33 [00:20<00:01,  1.49it/s]2025-03-28 08:40:41,050 - utils.nhl_api - INFO - NHL API Client initialized for season 20242025
2025-03-28 08:40:41,050 - utils.nhl_api - INFO - Fetching roster for team ID 55...
2025-03-28 08:40:41,631 - httpx - INFO - HTTP Request: GET https://api-web.nhle.com/v1/roster/55/20222023 "HTTP/1.1 404 Not Found"
2025-03-28 08:40:41,631 - utils.nhl_api - WARNING - Could not fetch roster using standard method, team may not exist
2025-03-28 08:40:41,631 - utils.nhl_api - INFO - Found 0 players on roster

Processing teams:  97%|#########6| 32/33 [00:21<00:00,  1.55it/s]2025-03-28 08:40:41,631 - utils.nhl_api - INFO - NHL API Client initialized for season 20242025
2025-03-28 08:40:41,631 - utils.nhl_api - INFO - Fetching roster for team ID 56...
2025-03-28 08:40:42,183 - httpx - INFO - HTTP Request: GET https://api-web.nhle.com/v1/roster/56/20222023 "HTTP/1.1 404 Not Found"
2025-03-28 08:40:42,197 - utils.nhl_api - WARNING - Could not fetch roster using standard method, team may not exist
2025-03-28 08:40:42,197 - utils.nhl_api - INFO - Found 0 players on roster

Processing teams: 100%|##########| 33/33 [00:22<00:00,  1.61it/s]
Processing teams: 100%|##########| 33/33 [00:22<00:00,  1.50it/s]
2025-03-28 08:40:42,198 - __main__ - WARNING - Game log collection is limited due to API structure changes
2025-03-28 08:40:42,198 - __main__ - INFO - Processing playoffs games...
2025-03-28 08:40:42,198 - __main__ - INFO - Fetching playoffs schedule...
2025-03-28 08:40:42,198 - utils.nhl_api - INFO - NHL API Client initialized for season 20242025
2025-03-28 08:40:42,198 - utils.nhl_api - INFO - Fetching schedule...
2025-03-28 08:40:42,767 - httpx - INFO - HTTP Request: GET https://api-web.nhle.com/v1/schedule/now "HTTP/1.1 307 Temporary Redirect"
2025-03-28 08:40:42,922 - httpx - INFO - HTTP Request: GET https://api-web.nhle.com/v1/schedule/2025-03-27 "HTTP/1.1 200 OK"
2025-03-28 08:40:42,933 - utils.nhl_api - INFO - Found 54 games in schedule
2025-03-28 08:40:42,935 - __main__ - WARNING - No playoffs schedule data found for season 20222023

Processing teams:   0%|          | 0/33 [00:00<?, ?it/s]2025-03-28 08:40:42,935 - utils.nhl_api - INFO - NHL API Client initialized for season 20242025
2025-03-28 08:40:42,935 - utils.nhl_api - INFO - Fetching roster for team ID 1...
2025-03-28 08:40:43,565 - httpx - INFO - HTTP Request: GET https://api-web.nhle.com/v1/roster/1/20222023 "HTTP/1.1 404 Not Found"
2025-03-28 08:40:43,565 - utils.nhl_api - WARNING - Could not fetch roster using standard method, team may not exist
2025-03-28 08:40:43,565 - utils.nhl_api - INFO - Found 0 players on roster

Processing teams:   3%|3         | 1/33 [00:00<00:20,  1.59it/s]2025-03-28 08:40:43,565 - utils.nhl_api - INFO - NHL API Client initialized for season 20242025
2025-03-28 08:40:43,565 - utils.nhl_api - INFO - Fetching roster for team ID 2...
2025-03-28 08:40:44,175 - httpx - INFO - HTTP Request: GET https://api-web.nhle.com/v1/roster/2/20222023 "HTTP/1.1 404 Not Found"
2025-03-28 08:40:44,175 - utils.nhl_api - WARNING - Could not fetch roster using standard method, team may not exist
2025-03-28 08:40:44,175 - utils.nhl_api - INFO - Found 0 players on roster

Processing teams:   6%|6         | 2/33 [00:01<00:19,  1.62it/s]2025-03-28 08:40:44,177 - utils.nhl_api - INFO - NHL API Client initialized for season 20242025
2025-03-28 08:40:44,177 - utils.nhl_api - INFO - Fetching roster for team ID 3...
2025-03-28 08:40:44,784 - httpx - INFO - HTTP Request: GET https://api-web.nhle.com/v1/roster/3/20222023 "HTTP/1.1 404 Not Found"
2025-03-28 08:40:44,784 - utils.nhl_api - WARNING - Could not fetch roster using standard method, team may not exist
2025-03-28 08:40:44,784 - utils.nhl_api - INFO - Found 0 players on roster

Processing teams:   9%|9         | 3/33 [00:01<00:18,  1.63it/s]2025-03-28 08:40:44,786 - utils.nhl_api - INFO - NHL API Client initialized for season 20242025
2025-03-28 08:40:44,787 - utils.nhl_api - INFO - Fetching roster for team ID 4...
2025-03-28 08:40:45,399 - httpx - INFO - HTTP Request: GET https://api-web.nhle.com/v1/roster/4/20222023 "HTTP/1.1 404 Not Found"
2025-03-28 08:40:45,399 - utils.nhl_api - WARNING - Could not fetch roster using standard method, team may not exist
2025-03-28 08:40:45,399 - utils.nhl_api - INFO - Found 0 players on roster

Processing teams:  12%|#2        | 4/33 [00:02<00:17,  1.63it/s]2025-03-28 08:40:45,400 - utils.nhl_api - INFO - NHL API Client initialized for season 20242025
2025-03-28 08:40:45,400 - utils.nhl_api - INFO - Fetching roster for team ID 5...
2025-03-28 08:40:46,000 - httpx - INFO - HTTP Request: GET https://api-web.nhle.com/v1/roster/5/20222023 "HTTP/1.1 404 Not Found"
2025-03-28 08:40:46,000 - utils.nhl_api - WARNING - Could not fetch roster using standard method, team may not exist
2025-03-28 08:40:46,001 - utils.nhl_api - INFO - Found 0 players on roster

Processing teams:  15%|#5        | 5/33 [00:03<00:17,  1.64it/s]2025-03-28 08:40:46,002 - utils.nhl_api - INFO - NHL API Client initialized for season 20242025
2025-03-28 08:40:46,002 - utils.nhl_api - INFO - Fetching roster for team ID 6...
2025-03-28 08:40:46,607 - httpx - INFO - HTTP Request: GET https://api-web.nhle.com/v1/roster/6/20222023 "HTTP/1.1 404 Not Found"
2025-03-28 08:40:46,607 - utils.nhl_api - WARNING - Could not fetch roster using standard method, team may not exist
2025-03-28 08:40:46,607 - utils.nhl_api - INFO - Found 0 players on roster

Processing teams:  18%|#8        | 6/33 [00:03<00:16,  1.64it/s]2025-03-28 08:40:46,608 - utils.nhl_api - INFO - NHL API Client initialized for season 20242025
2025-03-28 08:40:46,608 - utils.nhl_api - INFO - Fetching roster for team ID 7...
2025-03-28 08:40:47,199 - httpx - INFO - HTTP Request: GET https://api-web.nhle.com/v1/roster/7/20222023 "HTTP/1.1 404 Not Found"
2025-03-28 08:40:47,200 - utils.nhl_api - WARNING - Could not fetch roster using standard method, team may not exist
2025-03-28 08:40:47,200 - utils.nhl_api - INFO - Found 0 players on roster

Processing teams:  21%|##1       | 7/33 [00:04<00:15,  1.66it/s]2025-03-28 08:40:47,200 - utils.nhl_api - INFO - NHL API Client initialized for season 20242025
2025-03-28 08:40:47,200 - utils.nhl_api - INFO - Fetching roster for team ID 8...
2025-03-28 08:40:47,998 - httpx - INFO - HTTP Request: GET https://api-web.nhle.com/v1/roster/8/20222023 "HTTP/1.1 404 Not Found"
2025-03-28 08:40:47,998 - utils.nhl_api - WARNING - Could not fetch roster using standard method, team may not exist
2025-03-28 08:40:47,998 - utils.nhl_api - INFO - Found 0 players on roster

Processing teams:  24%|##4       | 8/33 [00:05<00:16,  1.50it/s]2025-03-28 08:40:47,998 - utils.nhl_api - INFO - NHL API Client initialized for season 20242025
2025-03-28 08:40:47,998 - utils.nhl_api - INFO - Fetching roster for team ID 9...
2025-03-28 08:40:48,580 - httpx - INFO - HTTP Request: GET https://api-web.nhle.com/v1/roster/9/20222023 "HTTP/1.1 404 Not Found"
2025-03-28 08:40:48,580 - utils.nhl_api - WARNING - Could not fetch roster using standard method, team may not exist
2025-03-28 08:40:48,580 - utils.nhl_api - INFO - Found 0 players on roster

Processing teams:  27%|##7       | 9/33 [00:05<00:15,  1.56it/s]2025-03-28 08:40:48,580 - utils.nhl_api - INFO - NHL API Client initialized for season 20242025
2025-03-28 08:40:48,580 - utils.nhl_api - INFO - Fetching roster for team ID 10...
2025-03-28 08:40:49,290 - httpx - INFO - HTTP Request: GET https://api-web.nhle.com/v1/roster/10/20222023 "HTTP/1.1 404 Not Found"
2025-03-28 08:40:49,291 - utils.nhl_api - WARNING - Could not fetch roster using standard method, team may not exist
2025-03-28 08:40:49,291 - utils.nhl_api - INFO - Found 0 players on roster

Processing teams:  30%|###       | 10/33 [00:06<00:15,  1.51it/s]2025-03-28 08:40:49,291 - utils.nhl_api - INFO - NHL API Client initialized for season 20242025
2025-03-28 08:40:49,291 - utils.nhl_api - INFO - Fetching roster for team ID 12...
2025-03-28 08:40:49,895 - httpx - INFO - HTTP Request: GET https://api-web.nhle.com/v1/roster/12/20222023 "HTTP/1.1 404 Not Found"
2025-03-28 08:40:49,896 - utils.nhl_api - WARNING - Could not fetch roster using standard method, team may not exist
2025-03-28 08:40:49,896 - utils.nhl_api - INFO - Found 0 players on roster

Processing teams:  33%|###3      | 11/33 [00:06<00:14,  1.55it/s]2025-03-28 08:40:49,897 - utils.nhl_api - INFO - NHL API Client initialized for season 20242025
2025-03-28 08:40:49,897 - utils.nhl_api - INFO - Fetching roster for team ID 13...
2025-03-28 08:40:50,478 - httpx - INFO - HTTP Request: GET https://api-web.nhle.com/v1/roster/13/20222023 "HTTP/1.1 404 Not Found"
2025-03-28 08:40:50,478 - utils.nhl_api - WARNING - Could not fetch roster using standard method, team may not exist
2025-03-28 08:40:50,479 - utils.nhl_api - INFO - Found 0 players on roster

Processing teams:  36%|###6      | 12/33 [00:07<00:13,  1.60it/s]2025-03-28 08:40:50,479 - utils.nhl_api - INFO - NHL API Client initialized for season 20242025
2025-03-28 08:40:50,479 - utils.nhl_api - INFO - Fetching roster for team ID 14...
2025-03-28 08:40:51,064 - httpx - INFO - HTTP Request: GET https://api-web.nhle.com/v1/roster/14/20222023 "HTTP/1.1 404 Not Found"
2025-03-28 08:40:51,064 - utils.nhl_api - WARNING - Could not fetch roster using standard method, team may not exist
2025-03-28 08:40:51,064 - utils.nhl_api - INFO - Found 0 players on roster

Processing teams:  39%|###9      | 13/33 [00:08<00:12,  1.63it/s]2025-03-28 08:40:51,065 - utils.nhl_api - INFO - NHL API Client initialized for season 20242025
2025-03-28 08:40:51,065 - utils.nhl_api - INFO - Fetching roster for team ID 15...
2025-03-28 08:40:51,632 - httpx - INFO - HTTP Request: GET https://api-web.nhle.com/v1/roster/15/20222023 "HTTP/1.1 404 Not Found"
2025-03-28 08:40:51,632 - utils.nhl_api - WARNING - Could not fetch roster using standard method, team may not exist
2025-03-28 08:40:51,632 - utils.nhl_api - INFO - Found 0 players on roster

Processing teams:  42%|####2     | 14/33 [00:08<00:11,  1.67it/s]2025-03-28 08:40:51,632 - utils.nhl_api - INFO - NHL API Client initialized for season 20242025
2025-03-28 08:40:51,632 - utils.nhl_api - INFO - Fetching roster for team ID 16...
2025-03-28 08:40:52,199 - httpx - INFO - HTTP Request: GET https://api-web.nhle.com/v1/roster/16/20222023 "HTTP/1.1 404 Not Found"
2025-03-28 08:40:52,199 - utils.nhl_api - WARNING - Could not fetch roster using standard method, team may not exist
2025-03-28 08:40:52,199 - utils.nhl_api - INFO - Found 0 players on roster

Processing teams:  45%|####5     | 15/33 [00:09<00:10,  1.70it/s]2025-03-28 08:40:52,199 - utils.nhl_api - INFO - NHL API Client initialized for season 20242025
2025-03-28 08:40:52,199 - utils.nhl_api - INFO - Fetching roster for team ID 17...
2025-03-28 08:40:52,983 - httpx - INFO - HTTP Request: GET https://api-web.nhle.com/v1/roster/17/20222023 "HTTP/1.1 404 Not Found"
2025-03-28 08:40:52,983 - utils.nhl_api - WARNING - Could not fetch roster using standard method, team may not exist
2025-03-28 08:40:52,983 - utils.nhl_api - INFO - Found 0 players on roster

Processing teams:  48%|####8     | 16/33 [00:10<00:11,  1.54it/s]2025-03-28 08:40:52,983 - utils.nhl_api - INFO - NHL API Client initialized for season 20242025
2025-03-28 08:40:52,983 - utils.nhl_api - INFO - Fetching roster for team ID 18...
2025-03-28 08:40:53,548 - httpx - INFO - HTTP Request: GET https://api-web.nhle.com/v1/roster/18/20222023 "HTTP/1.1 404 Not Found"
2025-03-28 08:40:53,548 - utils.nhl_api - WARNING - Could not fetch roster using standard method, team may not exist
2025-03-28 08:40:53,548 - utils.nhl_api - INFO - Found 0 players on roster

Processing teams:  52%|#####1    | 17/33 [00:10<00:09,  1.60it/s]2025-03-28 08:40:53,548 - utils.nhl_api - INFO - NHL API Client initialized for season 20242025
2025-03-28 08:40:53,548 - utils.nhl_api - INFO - Fetching roster for team ID 19...
2025-03-28 08:40:54,129 - httpx - INFO - HTTP Request: GET https://api-web.nhle.com/v1/roster/19/20222023 "HTTP/1.1 404 Not Found"
2025-03-28 08:40:54,130 - utils.nhl_api - WARNING - Could not fetch roster using standard method, team may not exist
2025-03-28 08:40:54,130 - utils.nhl_api - INFO - Found 0 players on roster

Processing teams:  55%|#####4    | 18/33 [00:11<00:09,  1.64it/s]2025-03-28 08:40:54,131 - utils.nhl_api - INFO - NHL API Client initialized for season 20242025
2025-03-28 08:40:54,131 - utils.nhl_api - INFO - Fetching roster for team ID 20...
2025-03-28 08:40:54,780 - httpx - INFO - HTTP Request: GET https://api-web.nhle.com/v1/roster/20/20222023 "HTTP/1.1 404 Not Found"
2025-03-28 08:40:54,781 - utils.nhl_api - WARNING - Could not fetch roster using standard method, team may not exist
2025-03-28 08:40:54,781 - utils.nhl_api - INFO - Found 0 players on roster

Processing teams:  58%|#####7    | 19/33 [00:11<00:08,  1.60it/s]2025-03-28 08:40:54,782 - utils.nhl_api - INFO - NHL API Client initialized for season 20242025
2025-03-28 08:40:54,782 - utils.nhl_api - INFO - Fetching roster for team ID 21...
2025-03-28 08:40:55,432 - httpx - INFO - HTTP Request: GET https://api-web.nhle.com/v1/roster/21/20222023 "HTTP/1.1 404 Not Found"
2025-03-28 08:40:55,432 - utils.nhl_api - WARNING - Could not fetch roster using standard method, team may not exist
2025-03-28 08:40:55,432 - utils.nhl_api - INFO - Found 0 players on roster

Processing teams:  61%|######    | 20/33 [00:12<00:08,  1.58it/s]2025-03-28 08:40:55,435 - utils.nhl_api - INFO - NHL API Client initialized for season 20242025
2025-03-28 08:40:55,435 - utils.nhl_api - INFO - Fetching roster for team ID 22...
2025-03-28 08:40:56,025 - httpx - INFO - HTTP Request: GET https://api-web.nhle.com/v1/roster/22/20222023 "HTTP/1.1 404 Not Found"
2025-03-28 08:40:56,027 - utils.nhl_api - WARNING - Could not fetch roster using standard method, team may not exist
2025-03-28 08:40:56,027 - utils.nhl_api - INFO - Found 0 players on roster

Processing teams:  64%|######3   | 21/33 [00:13<00:07,  1.61it/s]2025-03-28 08:40:56,028 - utils.nhl_api - INFO - NHL API Client initialized for season 20242025
2025-03-28 08:40:56,028 - utils.nhl_api - INFO - Fetching roster for team ID 23...
2025-03-28 08:40:56,999 - httpx - INFO - HTTP Request: GET https://api-web.nhle.com/v1/roster/23/20222023 "HTTP/1.1 404 Not Found"
2025-03-28 08:40:56,999 - utils.nhl_api - WARNING - Could not fetch roster using standard method, team may not exist
2025-03-28 08:40:56,999 - utils.nhl_api - INFO - Found 0 players on roster

Processing teams:  67%|######6   | 22/33 [00:14<00:07,  1.38it/s]2025-03-28 08:40:56,999 - utils.nhl_api - INFO - NHL API Client initialized for season 20242025
2025-03-28 08:40:56,999 - utils.nhl_api - INFO - Fetching roster for team ID 24...
2025-03-28 08:40:57,567 - httpx - INFO - HTTP Request: GET https://api-web.nhle.com/v1/roster/24/20222023 "HTTP/1.1 404 Not Found"
2025-03-28 08:40:57,567 - utils.nhl_api - WARNING - Could not fetch roster using standard method, team may not exist
2025-03-28 08:40:57,567 - utils.nhl_api - INFO - Found 0 players on roster

Processing teams:  70%|######9   | 23/33 [00:14<00:06,  1.47it/s]2025-03-28 08:40:57,567 - utils.nhl_api - INFO - NHL API Client initialized for season 20242025
2025-03-28 08:40:57,567 - utils.nhl_api - INFO - Fetching roster for team ID 25...
2025-03-28 08:40:58,133 - httpx - INFO - HTTP Request: GET https://api-web.nhle.com/v1/roster/25/20222023 "HTTP/1.1 404 Not Found"
2025-03-28 08:40:58,150 - utils.nhl_api - WARNING - Could not fetch roster using standard method, team may not exist
2025-03-28 08:40:58,150 - utils.nhl_api - INFO - Found 0 players on roster

Processing teams:  73%|#######2  | 24/33 [00:15<00:05,  1.54it/s]2025-03-28 08:40:58,150 - utils.nhl_api - INFO - NHL API Client initialized for season 20242025
2025-03-28 08:40:58,150 - utils.nhl_api - INFO - Fetching roster for team ID 26...
2025-03-28 08:40:58,745 - httpx - INFO - HTTP Request: GET https://api-web.nhle.com/v1/roster/26/20222023 "HTTP/1.1 404 Not Found"
2025-03-28 08:40:58,746 - utils.nhl_api - WARNING - Could not fetch roster using standard method, team may not exist
2025-03-28 08:40:58,746 - utils.nhl_api - INFO - Found 0 players on roster

Processing teams:  76%|#######5  | 25/33 [00:15<00:05,  1.58it/s]2025-03-28 08:40:58,746 - utils.nhl_api - INFO - NHL API Client initialized for season 20242025
2025-03-28 08:40:58,746 - utils.nhl_api - INFO - Fetching roster for team ID 28...
2025-03-28 08:40:59,299 - httpx - INFO - HTTP Request: GET https://api-web.nhle.com/v1/roster/28/20222023 "HTTP/1.1 404 Not Found"
2025-03-28 08:40:59,299 - utils.nhl_api - WARNING - Could not fetch roster using standard method, team may not exist
2025-03-28 08:40:59,299 - utils.nhl_api - INFO - Found 0 players on roster

Processing teams:  79%|#######8  | 26/33 [00:16<00:04,  1.64it/s]2025-03-28 08:40:59,299 - utils.nhl_api - INFO - NHL API Client initialized for season 20242025
2025-03-28 08:40:59,299 - utils.nhl_api - INFO - Fetching roster for team ID 29...
2025-03-28 08:40:59,995 - httpx - INFO - HTTP Request: GET https://api-web.nhle.com/v1/roster/29/20222023 "HTTP/1.1 404 Not Found"
2025-03-28 08:40:59,995 - utils.nhl_api - WARNING - Could not fetch roster using standard method, team may not exist
2025-03-28 08:40:59,995 - utils.nhl_api - INFO - Found 0 players on roster

Processing teams:  82%|########1 | 27/33 [00:17<00:03,  1.57it/s]2025-03-28 08:40:59,996 - utils.nhl_api - INFO - NHL API Client initialized for season 20242025
2025-03-28 08:40:59,996 - utils.nhl_api - INFO - Fetching roster for team ID 30...
2025-03-28 08:41:00,583 - httpx - INFO - HTTP Request: GET https://api-web.nhle.com/v1/roster/30/20222023 "HTTP/1.1 404 Not Found"
2025-03-28 08:41:00,583 - utils.nhl_api - WARNING - Could not fetch roster using standard method, team may not exist
2025-03-28 08:41:00,583 - utils.nhl_api - INFO - Found 0 players on roster

Processing teams:  85%|########4 | 28/33 [00:17<00:03,  1.61it/s]2025-03-28 08:41:00,583 - utils.nhl_api - INFO - NHL API Client initialized for season 20242025
2025-03-28 08:41:00,583 - utils.nhl_api - INFO - Fetching roster for team ID 52...
2025-03-28 08:41:01,320 - httpx - INFO - HTTP Request: GET https://api-web.nhle.com/v1/roster/52/20222023 "HTTP/1.1 404 Not Found"
2025-03-28 08:41:01,320 - utils.nhl_api - WARNING - Could not fetch roster using standard method, team may not exist
2025-03-28 08:41:01,320 - utils.nhl_api - INFO - Found 0 players on roster

Processing teams:  88%|########7 | 29/33 [00:18<00:02,  1.52it/s]2025-03-28 08:41:01,320 - utils.nhl_api - INFO - NHL API Client initialized for season 20242025
2025-03-28 08:41:01,320 - utils.nhl_api - INFO - Fetching roster for team ID 53...
2025-03-28 08:41:01,899 - httpx - INFO - HTTP Request: GET https://api-web.nhle.com/v1/roster/53/20222023 "HTTP/1.1 404 Not Found"
2025-03-28 08:41:01,899 - utils.nhl_api - WARNING - Could not fetch roster using standard method, team may not exist
2025-03-28 08:41:01,899 - utils.nhl_api - INFO - Found 0 players on roster

Processing teams:  91%|######### | 30/33 [00:18<00:01,  1.58it/s]2025-03-28 08:41:01,899 - utils.nhl_api - INFO - NHL API Client initialized for season 20242025
2025-03-28 08:41:01,899 - utils.nhl_api - INFO - Fetching roster for team ID 54...
2025-03-28 08:41:02,466 - httpx - INFO - HTTP Request: GET https://api-web.nhle.com/v1/roster/54/20222023 "HTTP/1.1 404 Not Found"
2025-03-28 08:41:02,466 - utils.nhl_api - WARNING - Could not fetch roster using standard method, team may not exist
2025-03-28 08:41:02,466 - utils.nhl_api - INFO - Found 0 players on roster

Processing teams:  94%|#########3| 31/33 [00:19<00:01,  1.63it/s]2025-03-28 08:41:02,466 - utils.nhl_api - INFO - NHL API Client initialized for season 20242025
2025-03-28 08:41:02,466 - utils.nhl_api - INFO - Fetching roster for team ID 55...
2025-03-28 08:41:03,033 - httpx - INFO - HTTP Request: GET https://api-web.nhle.com/v1/roster/55/20222023 "HTTP/1.1 404 Not Found"
2025-03-28 08:41:03,033 - utils.nhl_api - WARNING - Could not fetch roster using standard method, team may not exist
2025-03-28 08:41:03,033 - utils.nhl_api - INFO - Found 0 players on roster

Processing teams:  97%|#########6| 32/33 [00:20<00:00,  1.67it/s]2025-03-28 08:41:03,033 - utils.nhl_api - INFO - NHL API Client initialized for season 20242025
2025-03-28 08:41:03,033 - utils.nhl_api - INFO - Fetching roster for team ID 56...
2025-03-28 08:41:03,849 - httpx - INFO - HTTP Request: GET https://api-web.nhle.com/v1/roster/56/20222023 "HTTP/1.1 404 Not Found"
2025-03-28 08:41:03,849 - utils.nhl_api - WARNING - Could not fetch roster using standard method, team may not exist
2025-03-28 08:41:03,849 - utils.nhl_api - INFO - Found 0 players on roster

Processing teams: 100%|##########| 33/33 [00:20<00:00,  1.51it/s]
Processing teams: 100%|##########| 33/33 [00:20<00:00,  1.58it/s]
2025-03-28 08:41:03,849 - __main__ - WARNING - Game log collection is limited due to API structure changes
2025-03-28 08:41:03,849 - __main__ - INFO - Processing season 20232024...
2025-03-28 08:41:03,849 - __main__ - INFO - Fetching team information...
2025-03-28 08:41:03,849 - utils.nhl_api - INFO - NHL API Client initialized for season 20242025
2025-03-28 08:41:03,849 - utils.nhl_api - INFO - Fetching teams information...
2025-03-28 08:41:04,515 - httpx - INFO - HTTP Request: GET https://api-web.nhle.com/v1/standings/now "HTTP/1.1 307 Temporary Redirect"
2025-03-28 08:41:04,651 - httpx - INFO - HTTP Request: GET https://api-web.nhle.com/v1/standings/2025-03-27 "HTTP/1.1 200 OK"
2025-03-28 08:41:04,654 - utils.nhl_api - WARNING - Error fetching teams from standings: 'list' object has no attribute 'get'
2025-03-28 08:41:04,654 - utils.nhl_api - WARNING - Error fetching teams from teams endpoint: 'Teams' object has no attribute 'all_teams'
2025-03-28 08:41:04,654 - utils.nhl_api - WARNING - Using hardcoded team list as fallback
2025-03-28 08:41:04,657 - __main__ - INFO - Saved team information for 33 teams
2025-03-28 08:41:04,657 - __main__ - INFO - Processing regular_season games...
2025-03-28 08:41:04,657 - __main__ - INFO - Fetching regular_season schedule...
2025-03-28 08:41:04,657 - utils.nhl_api - INFO - NHL API Client initialized for season 20242025
2025-03-28 08:41:04,658 - utils.nhl_api - INFO - Fetching schedule...
2025-03-28 08:41:05,248 - httpx - INFO - HTTP Request: GET https://api-web.nhle.com/v1/schedule/now "HTTP/1.1 307 Temporary Redirect"
2025-03-28 08:41:05,531 - httpx - INFO - HTTP Request: GET https://api-web.nhle.com/v1/schedule/2025-03-27 "HTTP/1.1 200 OK"
2025-03-28 08:41:05,546 - utils.nhl_api - INFO - Found 54 games in schedule
2025-03-28 08:41:05,548 - __main__ - INFO - Adding travel data to schedule...
2025-03-28 08:41:05,650 - __main__ - INFO - Saved regular_season schedule with travel data for 54 games

Processing teams:   0%|          | 0/33 [00:00<?, ?it/s]2025-03-28 08:41:05,650 - utils.nhl_api - INFO - NHL API Client initialized for season 20242025
2025-03-28 08:41:05,650 - utils.nhl_api - INFO - Fetching roster for team ID 1...
2025-03-28 08:41:06,234 - httpx - INFO - HTTP Request: GET https://api-web.nhle.com/v1/roster/1/20232024 "HTTP/1.1 404 Not Found"
2025-03-28 08:41:06,235 - utils.nhl_api - WARNING - Could not fetch roster using standard method, team may not exist
2025-03-28 08:41:06,235 - utils.nhl_api - INFO - Found 0 players on roster

Processing teams:   3%|3         | 1/33 [00:00<00:18,  1.71it/s]2025-03-28 08:41:06,235 - utils.nhl_api - INFO - NHL API Client initialized for season 20242025
2025-03-28 08:41:06,236 - utils.nhl_api - INFO - Fetching roster for team ID 2...
2025-03-28 08:41:06,966 - httpx - INFO - HTTP Request: GET https://api-web.nhle.com/v1/roster/2/20232024 "HTTP/1.1 404 Not Found"
2025-03-28 08:41:06,966 - utils.nhl_api - WARNING - Could not fetch roster using standard method, team may not exist
2025-03-28 08:41:06,966 - utils.nhl_api - INFO - Found 0 players on roster

Processing teams:   6%|6         | 2/33 [00:01<00:20,  1.49it/s]2025-03-28 08:41:06,968 - utils.nhl_api - INFO - NHL API Client initialized for season 20242025
2025-03-28 08:41:06,968 - utils.nhl_api - INFO - Fetching roster for team ID 3...
2025-03-28 08:41:07,533 - httpx - INFO - HTTP Request: GET https://api-web.nhle.com/v1/roster/3/20232024 "HTTP/1.1 404 Not Found"
2025-03-28 08:41:07,533 - utils.nhl_api - WARNING - Could not fetch roster using standard method, team may not exist
2025-03-28 08:41:07,533 - utils.nhl_api - INFO - Found 0 players on roster

Processing teams:   9%|9         | 3/33 [00:01<00:18,  1.60it/s]2025-03-28 08:41:07,533 - utils.nhl_api - INFO - NHL API Client initialized for season 20242025
2025-03-28 08:41:07,533 - utils.nhl_api - INFO - Fetching roster for team ID 4...
2025-03-28 08:41:09,785 - httpx - INFO - HTTP Request: GET https://api-web.nhle.com/v1/roster/4/20232024 "HTTP/1.1 404 Not Found"
2025-03-28 08:41:09,786 - utils.nhl_api - WARNING - Could not fetch roster using standard method, team may not exist
2025-03-28 08:41:09,786 - utils.nhl_api - INFO - Found 0 players on roster

Processing teams:  12%|#2        | 4/33 [00:04<00:36,  1.27s/it]2025-03-28 08:41:09,786 - utils.nhl_api - INFO - NHL API Client initialized for season 20242025
2025-03-28 08:41:09,786 - utils.nhl_api - INFO - Fetching roster for team ID 5...
2025-03-28 08:41:10,513 - httpx - INFO - HTTP Request: GET https://api-web.nhle.com/v1/roster/5/20232024 "HTTP/1.1 404 Not Found"
2025-03-28 08:41:10,514 - utils.nhl_api - WARNING - Could not fetch roster using standard method, team may not exist
2025-03-28 08:41:10,514 - utils.nhl_api - INFO - Found 0 players on roster

Processing teams:  15%|#5        | 5/33 [00:04<00:30,  1.07s/it]2025-03-28 08:41:10,515 - utils.nhl_api - INFO - NHL API Client initialized for season 20242025
2025-03-28 08:41:10,515 - utils.nhl_api - INFO - Fetching roster for team ID 6...
2025-03-28 08:41:11,114 - httpx - INFO - HTTP Request: GET https://api-web.nhle.com/v1/roster/6/20232024 "HTTP/1.1 404 Not Found"
2025-03-28 08:41:11,115 - utils.nhl_api - WARNING - Could not fetch roster using standard method, team may not exist
2025-03-28 08:41:11,115 - utils.nhl_api - INFO - Found 0 players on roster

Processing teams:  18%|#8        | 6/33 [00:05<00:24,  1.10it/s]2025-03-28 08:41:11,116 - utils.nhl_api - INFO - NHL API Client initialized for season 20242025
2025-03-28 08:41:11,116 - utils.nhl_api - INFO - Fetching roster for team ID 7...
2025-03-28 08:41:12,009 - httpx - INFO - HTTP Request: GET https://api-web.nhle.com/v1/roster/7/20232024 "HTTP/1.1 404 Not Found"
2025-03-28 08:41:12,011 - utils.nhl_api - WARNING - Could not fetch roster using standard method, team may not exist
2025-03-28 08:41:12,011 - utils.nhl_api - INFO - Found 0 players on roster

Processing teams:  21%|##1       | 7/33 [00:06<00:23,  1.10it/s]2025-03-28 08:41:12,011 - utils.nhl_api - INFO - NHL API Client initialized for season 20242025
2025-03-28 08:41:12,011 - utils.nhl_api - INFO - Fetching roster for team ID 8...
2025-03-28 08:41:12,701 - httpx - INFO - HTTP Request: GET https://api-web.nhle.com/v1/roster/8/20232024 "HTTP/1.1 404 Not Found"
2025-03-28 08:41:12,701 - utils.nhl_api - WARNING - Could not fetch roster using standard method, team may not exist
2025-03-28 08:41:12,701 - utils.nhl_api - INFO - Found 0 players on roster

Processing teams:  24%|##4       | 8/33 [00:07<00:20,  1.19it/s]2025-03-28 08:41:12,701 - utils.nhl_api - INFO - NHL API Client initialized for season 20242025
2025-03-28 08:41:12,701 - utils.nhl_api - INFO - Fetching roster for team ID 9...
2025-03-28 08:41:13,309 - httpx - INFO - HTTP Request: GET https://api-web.nhle.com/v1/roster/9/20232024 "HTTP/1.1 404 Not Found"
2025-03-28 08:41:13,310 - utils.nhl_api - WARNING - Could not fetch roster using standard method, team may not exist
2025-03-28 08:41:13,310 - utils.nhl_api - INFO - Found 0 players on roster

Processing teams:  27%|##7       | 9/33 [00:07<00:18,  1.31it/s]2025-03-28 08:41:13,311 - utils.nhl_api - INFO - NHL API Client initialized for season 20242025
2025-03-28 08:41:13,311 - utils.nhl_api - INFO - Fetching roster for team ID 10...
2025-03-28 08:41:13,958 - httpx - INFO - HTTP Request: GET https://api-web.nhle.com/v1/roster/10/20232024 "HTTP/1.1 404 Not Found"
2025-03-28 08:41:13,959 - utils.nhl_api - WARNING - Could not fetch roster using standard method, team may not exist
2025-03-28 08:41:13,959 - utils.nhl_api - INFO - Found 0 players on roster

Processing teams:  30%|###       | 10/33 [00:08<00:16,  1.37it/s]2025-03-28 08:41:13,960 - utils.nhl_api - INFO - NHL API Client initialized for season 20242025
2025-03-28 08:41:13,960 - utils.nhl_api - INFO - Fetching roster for team ID 12...
2025-03-28 08:41:14,588 - httpx - INFO - HTTP Request: GET https://api-web.nhle.com/v1/roster/12/20232024 "HTTP/1.1 404 Not Found"
2025-03-28 08:41:14,588 - utils.nhl_api - WARNING - Could not fetch roster using standard method, team may not exist
2025-03-28 08:41:14,588 - utils.nhl_api - INFO - Found 0 players on roster

Processing teams:  33%|###3      | 11/33 [00:08<00:15,  1.43it/s]2025-03-28 08:41:14,590 - utils.nhl_api - INFO - NHL API Client initialized for season 20242025
2025-03-28 08:41:14,590 - utils.nhl_api - INFO - Fetching roster for team ID 13...
2025-03-28 08:41:15,184 - httpx - INFO - HTTP Request: GET https://api-web.nhle.com/v1/roster/13/20232024 "HTTP/1.1 404 Not Found"
2025-03-28 08:41:15,185 - utils.nhl_api - WARNING - Could not fetch roster using standard method, team may not exist
2025-03-28 08:41:15,185 - utils.nhl_api - INFO - Found 0 players on roster

Processing teams:  36%|###6      | 12/33 [00:09<00:14,  1.50it/s]2025-03-28 08:41:15,186 - utils.nhl_api - INFO - NHL API Client initialized for season 20242025
2025-03-28 08:41:15,186 - utils.nhl_api - INFO - Fetching roster for team ID 14...
2025-03-28 08:41:15,922 - httpx - INFO - HTTP Request: GET https://api-web.nhle.com/v1/roster/14/20232024 "HTTP/1.1 404 Not Found"
2025-03-28 08:41:15,938 - utils.nhl_api - WARNING - Could not fetch roster using standard method, team may not exist
2025-03-28 08:41:15,938 - utils.nhl_api - INFO - Found 0 players on roster

Processing teams:  39%|###9      | 13/33 [00:10<00:13,  1.44it/s]2025-03-28 08:41:15,939 - utils.nhl_api - INFO - NHL API Client initialized for season 20242025
2025-03-28 08:41:15,939 - utils.nhl_api - INFO - Fetching roster for team ID 15...
2025-03-28 08:41:16,631 - httpx - INFO - HTTP Request: GET https://api-web.nhle.com/v1/roster/15/20232024 "HTTP/1.1 404 Not Found"
2025-03-28 08:41:16,632 - utils.nhl_api - WARNING - Could not fetch roster using standard method, team may not exist
2025-03-28 08:41:16,632 - utils.nhl_api - INFO - Found 0 players on roster

Processing teams:  42%|####2     | 14/33 [00:10<00:13,  1.44it/s]2025-03-28 08:41:16,634 - utils.nhl_api - INFO - NHL API Client initialized for season 20242025
2025-03-28 08:41:16,634 - utils.nhl_api - INFO - Fetching roster for team ID 16...
2025-03-28 08:41:17,351 - httpx - INFO - HTTP Request: GET https://api-web.nhle.com/v1/roster/16/20232024 "HTTP/1.1 404 Not Found"
2025-03-28 08:41:17,351 - utils.nhl_api - WARNING - Could not fetch roster using standard method, team may not exist
2025-03-28 08:41:17,352 - utils.nhl_api - INFO - Found 0 players on roster

Processing teams:  45%|####5     | 15/33 [00:11<00:12,  1.43it/s]2025-03-28 08:41:17,353 - utils.nhl_api - INFO - NHL API Client initialized for season 20242025
2025-03-28 08:41:17,353 - utils.nhl_api - INFO - Fetching roster for team ID 17...
2025-03-28 08:41:18,151 - httpx - INFO - HTTP Request: GET https://api-web.nhle.com/v1/roster/17/20232024 "HTTP/1.1 404 Not Found"
2025-03-28 08:41:18,151 - utils.nhl_api - WARNING - Could not fetch roster using standard method, team may not exist
2025-03-28 08:41:18,151 - utils.nhl_api - INFO - Found 0 players on roster

Processing teams:  48%|####8     | 16/33 [00:12<00:12,  1.37it/s]2025-03-28 08:41:18,151 - utils.nhl_api - INFO - NHL API Client initialized for season 20242025
2025-03-28 08:41:18,151 - utils.nhl_api - INFO - Fetching roster for team ID 18...
2025-03-28 08:41:18,869 - httpx - INFO - HTTP Request: GET https://api-web.nhle.com/v1/roster/18/20232024 "HTTP/1.1 404 Not Found"
2025-03-28 08:41:18,869 - utils.nhl_api - WARNING - Could not fetch roster using standard method, team may not exist
2025-03-28 08:41:18,869 - utils.nhl_api - INFO - Found 0 players on roster

Processing teams:  52%|#####1    | 17/33 [00:13<00:11,  1.37it/s]2025-03-28 08:41:18,878 - utils.nhl_api - INFO - NHL API Client initialized for season 20242025
2025-03-28 08:41:18,878 - utils.nhl_api - INFO - Fetching roster for team ID 19...
2025-03-28 08:41:19,602 - httpx - INFO - HTTP Request: GET https://api-web.nhle.com/v1/roster/19/20232024 "HTTP/1.1 404 Not Found"
2025-03-28 08:41:19,602 - utils.nhl_api - WARNING - Could not fetch roster using standard method, team may not exist
2025-03-28 08:41:19,602 - utils.nhl_api - INFO - Found 0 players on roster

Processing teams:  55%|#####4    | 18/33 [00:13<00:10,  1.37it/s]2025-03-28 08:41:19,602 - utils.nhl_api - INFO - NHL API Client initialized for season 20242025
2025-03-28 08:41:19,602 - utils.nhl_api - INFO - Fetching roster for team ID 20...
2025-03-28 08:41:20,247 - httpx - INFO - HTTP Request: GET https://api-web.nhle.com/v1/roster/20/20232024 "HTTP/1.1 404 Not Found"
2025-03-28 08:41:20,248 - utils.nhl_api - WARNING - Could not fetch roster using standard method, team may not exist
2025-03-28 08:41:20,248 - utils.nhl_api - INFO - Found 0 players on roster

Processing teams:  58%|#####7    | 19/33 [00:14<00:09,  1.42it/s]2025-03-28 08:41:20,249 - utils.nhl_api - INFO - NHL API Client initialized for season 20242025
2025-03-28 08:41:20,249 - utils.nhl_api - INFO - Fetching roster for team ID 21...
2025-03-28 08:41:20,885 - httpx - INFO - HTTP Request: GET https://api-web.nhle.com/v1/roster/21/20232024 "HTTP/1.1 404 Not Found"
2025-03-28 08:41:20,885 - utils.nhl_api - WARNING - Could not fetch roster using standard method, team may not exist
2025-03-28 08:41:20,885 - utils.nhl_api - INFO - Found 0 players on roster

Processing teams:  61%|######    | 20/33 [00:15<00:08,  1.46it/s]2025-03-28 08:41:20,885 - utils.nhl_api - INFO - NHL API Client initialized for season 20242025
2025-03-28 08:41:20,885 - utils.nhl_api - INFO - Fetching roster for team ID 22...
2025-03-28 08:41:21,468 - httpx - INFO - HTTP Request: GET https://api-web.nhle.com/v1/roster/22/20232024 "HTTP/1.1 404 Not Found"
2025-03-28 08:41:21,468 - utils.nhl_api - WARNING - Could not fetch roster using standard method, team may not exist
2025-03-28 08:41:21,468 - utils.nhl_api - INFO - Found 0 players on roster

Processing teams:  64%|######3   | 21/33 [00:15<00:07,  1.53it/s]2025-03-28 08:41:21,468 - utils.nhl_api - INFO - NHL API Client initialized for season 20242025
2025-03-28 08:41:21,468 - utils.nhl_api - INFO - Fetching roster for team ID 23...
2025-03-28 08:41:22,170 - httpx - INFO - HTTP Request: GET https://api-web.nhle.com/v1/roster/23/20232024 "HTTP/1.1 404 Not Found"
2025-03-28 08:41:22,170 - utils.nhl_api - WARNING - Could not fetch roster using standard method, team may not exist
2025-03-28 08:41:22,170 - utils.nhl_api - INFO - Found 0 players on roster

Processing teams:  67%|######6   | 22/33 [00:16<00:07,  1.50it/s]2025-03-28 08:41:22,170 - utils.nhl_api - INFO - NHL API Client initialized for season 20242025
2025-03-28 08:41:22,170 - utils.nhl_api - INFO - Fetching roster for team ID 24...
2025-03-28 08:41:22,727 - httpx - INFO - HTTP Request: GET https://api-web.nhle.com/v1/roster/24/20232024 "HTTP/1.1 404 Not Found"
2025-03-28 08:41:22,728 - utils.nhl_api - WARNING - Could not fetch roster using standard method, team may not exist
2025-03-28 08:41:22,728 - utils.nhl_api - INFO - Found 0 players on roster

Processing teams:  70%|######9   | 23/33 [00:17<00:06,  1.57it/s]2025-03-28 08:41:22,729 - utils.nhl_api - INFO - NHL API Client initialized for season 20242025
2025-03-28 08:41:22,729 - utils.nhl_api - INFO - Fetching roster for team ID 25...
2025-03-28 08:41:23,280 - httpx - INFO - HTTP Request: GET https://api-web.nhle.com/v1/roster/25/20232024 "HTTP/1.1 404 Not Found"
2025-03-28 08:41:23,281 - utils.nhl_api - WARNING - Could not fetch roster using standard method, team may not exist
2025-03-28 08:41:23,281 - utils.nhl_api - INFO - Found 0 players on roster

Processing teams:  73%|#######2  | 24/33 [00:17<00:05,  1.64it/s]2025-03-28 08:41:23,282 - utils.nhl_api - INFO - NHL API Client initialized for season 20242025
2025-03-28 08:41:23,282 - utils.nhl_api - INFO - Fetching roster for team ID 26...
2025-03-28 08:41:23,834 - httpx - INFO - HTTP Request: GET https://api-web.nhle.com/v1/roster/26/20232024 "HTTP/1.1 404 Not Found"
2025-03-28 08:41:23,836 - utils.nhl_api - WARNING - Could not fetch roster using standard method, team may not exist
2025-03-28 08:41:23,836 - utils.nhl_api - INFO - Found 0 players on roster

Processing teams:  76%|#######5  | 25/33 [00:18<00:04,  1.68it/s]2025-03-28 08:41:23,836 - utils.nhl_api - INFO - NHL API Client initialized for season 20242025
2025-03-28 08:41:23,836 - utils.nhl_api - INFO - Fetching roster for team ID 28...
2025-03-28 08:41:24,402 - httpx - INFO - HTTP Request: GET https://api-web.nhle.com/v1/roster/28/20232024 "HTTP/1.1 404 Not Found"
2025-03-28 08:41:24,402 - utils.nhl_api - WARNING - Could not fetch roster using standard method, team may not exist
2025-03-28 08:41:24,403 - utils.nhl_api - INFO - Found 0 players on roster

Processing teams:  79%|#######8  | 26/33 [00:18<00:04,  1.71it/s]2025-03-28 08:41:24,403 - utils.nhl_api - INFO - NHL API Client initialized for season 20242025
2025-03-28 08:41:24,403 - utils.nhl_api - INFO - Fetching roster for team ID 29...
2025-03-28 08:41:25,089 - httpx - INFO - HTTP Request: GET https://api-web.nhle.com/v1/roster/29/20232024 "HTTP/1.1 404 Not Found"
2025-03-28 08:41:25,089 - utils.nhl_api - WARNING - Could not fetch roster using standard method, team may not exist
2025-03-28 08:41:25,089 - utils.nhl_api - INFO - Found 0 players on roster

Processing teams:  82%|########1 | 27/33 [00:19<00:03,  1.62it/s]2025-03-28 08:41:25,089 - utils.nhl_api - INFO - NHL API Client initialized for season 20242025
2025-03-28 08:41:25,089 - utils.nhl_api - INFO - Fetching roster for team ID 30...
2025-03-28 08:41:25,719 - httpx - INFO - HTTP Request: GET https://api-web.nhle.com/v1/roster/30/20232024 "HTTP/1.1 404 Not Found"
2025-03-28 08:41:25,719 - utils.nhl_api - WARNING - Could not fetch roster using standard method, team may not exist
2025-03-28 08:41:25,719 - utils.nhl_api - INFO - Found 0 players on roster

Processing teams:  85%|########4 | 28/33 [00:20<00:03,  1.60it/s]2025-03-28 08:41:25,732 - utils.nhl_api - INFO - NHL API Client initialized for season 20242025
2025-03-28 08:41:25,732 - utils.nhl_api - INFO - Fetching roster for team ID 52...
2025-03-28 08:41:26,470 - httpx - INFO - HTTP Request: GET https://api-web.nhle.com/v1/roster/52/20232024 "HTTP/1.1 404 Not Found"
2025-03-28 08:41:26,470 - utils.nhl_api - WARNING - Could not fetch roster using standard method, team may not exist
2025-03-28 08:41:26,470 - utils.nhl_api - INFO - Found 0 players on roster

Processing teams:  88%|########7 | 29/33 [00:20<00:02,  1.52it/s]2025-03-28 08:41:26,474 - utils.nhl_api - INFO - NHL API Client initialized for season 20242025
2025-03-28 08:41:26,474 - utils.nhl_api - INFO - Fetching roster for team ID 53...
2025-03-28 08:41:27,153 - httpx - INFO - HTTP Request: GET https://api-web.nhle.com/v1/roster/53/20232024 "HTTP/1.1 404 Not Found"
2025-03-28 08:41:27,153 - utils.nhl_api - WARNING - Could not fetch roster using standard method, team may not exist
2025-03-28 08:41:27,153 - utils.nhl_api - INFO - Found 0 players on roster

Processing teams:  91%|######### | 30/33 [00:21<00:01,  1.50it/s]2025-03-28 08:41:27,153 - utils.nhl_api - INFO - NHL API Client initialized for season 20242025
2025-03-28 08:41:27,153 - utils.nhl_api - INFO - Fetching roster for team ID 54...
2025-03-28 08:41:27,855 - httpx - INFO - HTTP Request: GET https://api-web.nhle.com/v1/roster/54/20232024 "HTTP/1.1 404 Not Found"
2025-03-28 08:41:27,855 - utils.nhl_api - WARNING - Could not fetch roster using standard method, team may not exist
2025-03-28 08:41:27,855 - utils.nhl_api - INFO - Found 0 players on roster

Processing teams:  94%|#########3| 31/33 [00:22<00:01,  1.48it/s]2025-03-28 08:41:27,855 - utils.nhl_api - INFO - NHL API Client initialized for season 20242025
2025-03-28 08:41:27,855 - utils.nhl_api - INFO - Fetching roster for team ID 55...
2025-03-28 08:41:28,538 - httpx - INFO - HTTP Request: GET https://api-web.nhle.com/v1/roster/55/20232024 "HTTP/1.1 404 Not Found"
2025-03-28 08:41:28,538 - utils.nhl_api - WARNING - Could not fetch roster using standard method, team may not exist
2025-03-28 08:41:28,543 - utils.nhl_api - INFO - Found 0 players on roster

Processing teams:  97%|#########6| 32/33 [00:22<00:00,  1.47it/s]2025-03-28 08:41:28,543 - utils.nhl_api - INFO - NHL API Client initialized for season 20242025
2025-03-28 08:41:28,543 - utils.nhl_api - INFO - Fetching roster for team ID 56...
2025-03-28 08:41:29,220 - httpx - INFO - HTTP Request: GET https://api-web.nhle.com/v1/roster/56/20232024 "HTTP/1.1 404 Not Found"
2025-03-28 08:41:29,220 - utils.nhl_api - WARNING - Could not fetch roster using standard method, team may not exist
2025-03-28 08:41:29,220 - utils.nhl_api - INFO - Found 0 players on roster

Processing teams: 100%|##########| 33/33 [00:23<00:00,  1.47it/s]
Processing teams: 100%|##########| 33/33 [00:23<00:00,  1.40it/s]
2025-03-28 08:41:29,220 - __main__ - WARNING - Game log collection is limited due to API structure changes
2025-03-28 08:41:29,220 - __main__ - INFO - Processing playoffs games...
2025-03-28 08:41:29,220 - __main__ - INFO - Fetching playoffs schedule...
2025-03-28 08:41:29,220 - utils.nhl_api - INFO - NHL API Client initialized for season 20242025
2025-03-28 08:41:29,220 - utils.nhl_api - INFO - Fetching schedule...
2025-03-28 08:41:29,955 - httpx - INFO - HTTP Request: GET https://api-web.nhle.com/v1/schedule/now "HTTP/1.1 307 Temporary Redirect"
2025-03-28 08:41:30,621 - httpx - INFO - HTTP Request: GET https://api-web.nhle.com/v1/schedule/2025-03-27 "HTTP/1.1 200 OK"
2025-03-28 08:41:30,639 - utils.nhl_api - INFO - Found 54 games in schedule
2025-03-28 08:41:30,642 - __main__ - WARNING - No playoffs schedule data found for season 20232024

Processing teams:   0%|          | 0/33 [00:00<?, ?it/s]2025-03-28 08:41:30,642 - utils.nhl_api - INFO - NHL API Client initialized for season 20242025
2025-03-28 08:41:30,642 - utils.nhl_api - INFO - Fetching roster for team ID 1...
2025-03-28 08:41:31,471 - httpx - INFO - HTTP Request: GET https://api-web.nhle.com/v1/roster/1/20232024 "HTTP/1.1 404 Not Found"
2025-03-28 08:41:31,471 - utils.nhl_api - WARNING - Could not fetch roster using standard method, team may not exist
2025-03-28 08:41:31,471 - utils.nhl_api - INFO - Found 0 players on roster

Processing teams:   3%|3         | 1/33 [00:00<00:26,  1.21it/s]2025-03-28 08:41:31,471 - utils.nhl_api - INFO - NHL API Client initialized for season 20242025
2025-03-28 08:41:31,471 - utils.nhl_api - INFO - Fetching roster for team ID 2...
2025-03-28 08:41:32,053 - httpx - INFO - HTTP Request: GET https://api-web.nhle.com/v1/roster/2/20232024 "HTTP/1.1 404 Not Found"
2025-03-28 08:41:32,053 - utils.nhl_api - WARNING - Could not fetch roster using standard method, team may not exist
2025-03-28 08:41:32,053 - utils.nhl_api - INFO - Found 0 players on roster

Processing teams:   6%|6         | 2/33 [00:01<00:21,  1.46it/s]2025-03-28 08:41:32,053 - utils.nhl_api - INFO - NHL API Client initialized for season 20242025
2025-03-28 08:41:32,053 - utils.nhl_api - INFO - Fetching roster for team ID 3...
2025-03-28 08:41:32,637 - httpx - INFO - HTTP Request: GET https://api-web.nhle.com/v1/roster/3/20232024 "HTTP/1.1 404 Not Found"
2025-03-28 08:41:32,638 - utils.nhl_api - WARNING - Could not fetch roster using standard method, team may not exist
2025-03-28 08:41:32,638 - utils.nhl_api - INFO - Found 0 players on roster

Processing teams:   9%|9         | 3/33 [00:01<00:19,  1.56it/s]2025-03-28 08:41:32,639 - utils.nhl_api - INFO - NHL API Client initialized for season 20242025
2025-03-28 08:41:32,639 - utils.nhl_api - INFO - Fetching roster for team ID 4...
2025-03-28 08:41:33,281 - httpx - INFO - HTTP Request: GET https://api-web.nhle.com/v1/roster/4/20232024 "HTTP/1.1 404 Not Found"
2025-03-28 08:41:33,282 - utils.nhl_api - WARNING - Could not fetch roster using standard method, team may not exist
2025-03-28 08:41:33,282 - utils.nhl_api - INFO - Found 0 players on roster

Processing teams:  12%|#2        | 4/33 [00:02<00:18,  1.56it/s]2025-03-28 08:41:33,283 - utils.nhl_api - INFO - NHL API Client initialized for season 20242025
2025-03-28 08:41:33,283 - utils.nhl_api - INFO - Fetching roster for team ID 5...
2025-03-28 08:41:34,122 - httpx - INFO - HTTP Request: GET https://api-web.nhle.com/v1/roster/5/20232024 "HTTP/1.1 404 Not Found"
2025-03-28 08:41:34,122 - utils.nhl_api - WARNING - Could not fetch roster using standard method, team may not exist
2025-03-28 08:41:34,122 - utils.nhl_api - INFO - Found 0 players on roster

Processing teams:  15%|#5        | 5/33 [00:03<00:19,  1.40it/s]2025-03-28 08:41:34,122 - utils.nhl_api - INFO - NHL API Client initialized for season 20242025
2025-03-28 08:41:34,122 - utils.nhl_api - INFO - Fetching roster for team ID 6...
2025-03-28 08:41:34,736 - httpx - INFO - HTTP Request: GET https://api-web.nhle.com/v1/roster/6/20232024 "HTTP/1.1 404 Not Found"
2025-03-28 08:41:34,737 - utils.nhl_api - WARNING - Could not fetch roster using standard method, team may not exist
2025-03-28 08:41:34,737 - utils.nhl_api - INFO - Found 0 players on roster

Processing teams:  18%|#8        | 6/33 [00:04<00:18,  1.47it/s]2025-03-28 08:41:34,738 - utils.nhl_api - INFO - NHL API Client initialized for season 20242025
2025-03-28 08:41:34,738 - utils.nhl_api - INFO - Fetching roster for team ID 7...
2025-03-28 08:41:35,335 - httpx - INFO - HTTP Request: GET https://api-web.nhle.com/v1/roster/7/20232024 "HTTP/1.1 404 Not Found"
2025-03-28 08:41:35,336 - utils.nhl_api - WARNING - Could not fetch roster using standard method, team may not exist
2025-03-28 08:41:35,336 - utils.nhl_api - INFO - Found 0 players on roster

Processing teams:  21%|##1       | 7/33 [00:04<00:16,  1.53it/s]2025-03-28 08:41:35,337 - utils.nhl_api - INFO - NHL API Client initialized for season 20242025
2025-03-28 08:41:35,337 - utils.nhl_api - INFO - Fetching roster for team ID 8...
2025-03-28 08:41:35,929 - httpx - INFO - HTTP Request: GET https://api-web.nhle.com/v1/roster/8/20232024 "HTTP/1.1 404 Not Found"
2025-03-28 08:41:35,930 - utils.nhl_api - WARNING - Could not fetch roster using standard method, team may not exist
2025-03-28 08:41:35,930 - utils.nhl_api - INFO - Found 0 players on roster

Processing teams:  24%|##4       | 8/33 [00:05<00:15,  1.58it/s]2025-03-28 08:41:35,931 - utils.nhl_api - INFO - NHL API Client initialized for season 20242025
2025-03-28 08:41:35,931 - utils.nhl_api - INFO - Fetching roster for team ID 9...
2025-03-28 08:41:36,704 - httpx - INFO - HTTP Request: GET https://api-web.nhle.com/v1/roster/9/20232024 "HTTP/1.1 404 Not Found"
2025-03-28 08:41:36,704 - utils.nhl_api - WARNING - Could not fetch roster using standard method, team may not exist
2025-03-28 08:41:36,704 - utils.nhl_api - INFO - Found 0 players on roster

Processing teams:  27%|##7       | 9/33 [00:06<00:16,  1.48it/s]2025-03-28 08:41:36,704 - utils.nhl_api - INFO - NHL API Client initialized for season 20242025
2025-03-28 08:41:36,704 - utils.nhl_api - INFO - Fetching roster for team ID 10...
2025-03-28 08:41:37,420 - httpx - INFO - HTTP Request: GET https://api-web.nhle.com/v1/roster/10/20232024 "HTTP/1.1 404 Not Found"
2025-03-28 08:41:37,420 - utils.nhl_api - WARNING - Could not fetch roster using standard method, team may not exist
2025-03-28 08:41:37,420 - utils.nhl_api - INFO - Found 0 players on roster

Processing teams:  30%|###       | 10/33 [00:06<00:15,  1.45it/s]2025-03-28 08:41:37,420 - utils.nhl_api - INFO - NHL API Client initialized for season 20242025
2025-03-28 08:41:37,420 - utils.nhl_api - INFO - Fetching roster for team ID 12...
2025-03-28 08:41:37,970 - httpx - INFO - HTTP Request: GET https://api-web.nhle.com/v1/roster/12/20232024 "HTTP/1.1 404 Not Found"
2025-03-28 08:41:37,970 - utils.nhl_api - WARNING - Could not fetch roster using standard method, team may not exist
2025-03-28 08:41:37,970 - utils.nhl_api - INFO - Found 0 players on roster

Processing teams:  33%|###3      | 11/33 [00:07<00:14,  1.55it/s]2025-03-28 08:41:37,970 - utils.nhl_api - INFO - NHL API Client initialized for season 20242025
2025-03-28 08:41:37,970 - utils.nhl_api - INFO - Fetching roster for team ID 13...
2025-03-28 08:41:38,520 - httpx - INFO - HTTP Request: GET https://api-web.nhle.com/v1/roster/13/20232024 "HTTP/1.1 404 Not Found"
2025-03-28 08:41:38,520 - utils.nhl_api - WARNING - Could not fetch roster using standard method, team may not exist
2025-03-28 08:41:38,520 - utils.nhl_api - INFO - Found 0 players on roster

Processing teams:  36%|###6      | 12/33 [00:07<00:12,  1.62it/s]2025-03-28 08:41:38,520 - utils.nhl_api - INFO - NHL API Client initialized for season 20242025
2025-03-28 08:41:38,520 - utils.nhl_api - INFO - Fetching roster for team ID 14...
2025-03-28 08:41:39,070 - httpx - INFO - HTTP Request: GET https://api-web.nhle.com/v1/roster/14/20232024 "HTTP/1.1 404 Not Found"
2025-03-28 08:41:39,070 - utils.nhl_api - WARNING - Could not fetch roster using standard method, team may not exist
2025-03-28 08:41:39,070 - utils.nhl_api - INFO - Found 0 players on roster

Processing teams:  39%|###9      | 13/33 [00:08<00:11,  1.68it/s]2025-03-28 08:41:39,070 - utils.nhl_api - INFO - NHL API Client initialized for season 20242025
2025-03-28 08:41:39,070 - utils.nhl_api - INFO - Fetching roster for team ID 15...
2025-03-28 08:41:39,608 - httpx - INFO - HTTP Request: GET https://api-web.nhle.com/v1/roster/15/20232024 "HTTP/1.1 404 Not Found"
2025-03-28 08:41:39,608 - utils.nhl_api - WARNING - Could not fetch roster using standard method, team may not exist
2025-03-28 08:41:39,608 - utils.nhl_api - INFO - Found 0 players on roster

Processing teams:  42%|####2     | 14/33 [00:08<00:11,  1.73it/s]2025-03-28 08:41:39,608 - utils.nhl_api - INFO - NHL API Client initialized for season 20242025
2025-03-28 08:41:39,608 - utils.nhl_api - INFO - Fetching roster for team ID 16...
2025-03-28 08:41:40,205 - httpx - INFO - HTTP Request: GET https://api-web.nhle.com/v1/roster/16/20232024 "HTTP/1.1 404 Not Found"
2025-03-28 08:41:40,205 - utils.nhl_api - WARNING - Could not fetch roster using standard method, team may not exist
2025-03-28 08:41:40,205 - utils.nhl_api - INFO - Found 0 players on roster

Processing teams:  45%|####5     | 15/33 [00:09<00:10,  1.71it/s]2025-03-28 08:41:40,205 - utils.nhl_api - INFO - NHL API Client initialized for season 20242025
2025-03-28 08:41:40,205 - utils.nhl_api - INFO - Fetching roster for team ID 17...
2025-03-28 08:41:40,903 - httpx - INFO - HTTP Request: GET https://api-web.nhle.com/v1/roster/17/20232024 "HTTP/1.1 404 Not Found"
2025-03-28 08:41:40,904 - utils.nhl_api - WARNING - Could not fetch roster using standard method, team may not exist
2025-03-28 08:41:40,904 - utils.nhl_api - INFO - Found 0 players on roster

Processing teams:  48%|####8     | 16/33 [00:10<00:10,  1.62it/s]2025-03-28 08:41:40,904 - utils.nhl_api - INFO - NHL API Client initialized for season 20242025
2025-03-28 08:41:40,904 - utils.nhl_api - INFO - Fetching roster for team ID 18...
2025-03-28 08:41:41,608 - httpx - INFO - HTTP Request: GET https://api-web.nhle.com/v1/roster/18/20232024 "HTTP/1.1 404 Not Found"
2025-03-28 08:41:41,608 - utils.nhl_api - WARNING - Could not fetch roster using standard method, team may not exist
2025-03-28 08:41:41,608 - utils.nhl_api - INFO - Found 0 players on roster

Processing teams:  52%|#####1    | 17/33 [00:10<00:10,  1.55it/s]2025-03-28 08:41:41,608 - utils.nhl_api - INFO - NHL API Client initialized for season 20242025
2025-03-28 08:41:41,608 - utils.nhl_api - INFO - Fetching roster for team ID 19...
2025-03-28 08:41:42,321 - httpx - INFO - HTTP Request: GET https://api-web.nhle.com/v1/roster/19/20232024 "HTTP/1.1 404 Not Found"
2025-03-28 08:41:42,321 - utils.nhl_api - WARNING - Could not fetch roster using standard method, team may not exist
2025-03-28 08:41:42,321 - utils.nhl_api - INFO - Found 0 players on roster

Processing teams:  55%|#####4    | 18/33 [00:11<00:09,  1.50it/s]2025-03-28 08:41:42,321 - utils.nhl_api - INFO - NHL API Client initialized for season 20242025
2025-03-28 08:41:42,321 - utils.nhl_api - INFO - Fetching roster for team ID 20...
2025-03-28 08:41:42,904 - httpx - INFO - HTTP Request: GET https://api-web.nhle.com/v1/roster/20/20232024 "HTTP/1.1 404 Not Found"
2025-03-28 08:41:42,904 - utils.nhl_api - WARNING - Could not fetch roster using standard method, team may not exist
2025-03-28 08:41:42,904 - utils.nhl_api - INFO - Found 0 players on roster

Processing teams:  58%|#####7    | 19/33 [00:12<00:08,  1.56it/s]2025-03-28 08:41:42,904 - utils.nhl_api - INFO - NHL API Client initialized for season 20242025
2025-03-28 08:41:42,904 - utils.nhl_api - INFO - Fetching roster for team ID 21...
2025-03-28 08:41:43,504 - httpx - INFO - HTTP Request: GET https://api-web.nhle.com/v1/roster/21/20232024 "HTTP/1.1 404 Not Found"
2025-03-28 08:41:43,505 - utils.nhl_api - WARNING - Could not fetch roster using standard method, team may not exist
2025-03-28 08:41:43,505 - utils.nhl_api - INFO - Found 0 players on roster

Processing teams:  61%|######    | 20/33 [00:12<00:08,  1.59it/s]2025-03-28 08:41:43,505 - utils.nhl_api - INFO - NHL API Client initialized for season 20242025
2025-03-28 08:41:43,505 - utils.nhl_api - INFO - Fetching roster for team ID 22...
2025-03-28 08:41:44,194 - httpx - INFO - HTTP Request: GET https://api-web.nhle.com/v1/roster/22/20232024 "HTTP/1.1 404 Not Found"
2025-03-28 08:41:44,194 - utils.nhl_api - WARNING - Could not fetch roster using standard method, team may not exist
2025-03-28 08:41:44,194 - utils.nhl_api - INFO - Found 0 players on roster

Processing teams:  64%|######3   | 21/33 [00:13<00:07,  1.55it/s]2025-03-28 08:41:44,194 - utils.nhl_api - INFO - NHL API Client initialized for season 20242025
2025-03-28 08:41:44,194 - utils.nhl_api - INFO - Fetching roster for team ID 23...
2025-03-28 08:41:44,766 - httpx - INFO - HTTP Request: GET https://api-web.nhle.com/v1/roster/23/20232024 "HTTP/1.1 404 Not Found"
2025-03-28 08:41:44,766 - utils.nhl_api - WARNING - Could not fetch roster using standard method, team may not exist
2025-03-28 08:41:44,766 - utils.nhl_api - INFO - Found 0 players on roster

Processing teams:  67%|######6   | 22/33 [00:14<00:06,  1.60it/s]2025-03-28 08:41:44,767 - utils.nhl_api - INFO - NHL API Client initialized for season 20242025
2025-03-28 08:41:44,767 - utils.nhl_api - INFO - Fetching roster for team ID 24...
2025-03-28 08:41:45,322 - httpx - INFO - HTTP Request: GET https://api-web.nhle.com/v1/roster/24/20232024 "HTTP/1.1 404 Not Found"
2025-03-28 08:41:45,322 - utils.nhl_api - WARNING - Could not fetch roster using standard method, team may not exist
2025-03-28 08:41:45,322 - utils.nhl_api - INFO - Found 0 players on roster

Processing teams:  70%|######9   | 23/33 [00:14<00:06,  1.66it/s]2025-03-28 08:41:45,322 - utils.nhl_api - INFO - NHL API Client initialized for season 20242025
2025-03-28 08:41:45,322 - utils.nhl_api - INFO - Fetching roster for team ID 25...
2025-03-28 08:41:46,205 - httpx - INFO - HTTP Request: GET https://api-web.nhle.com/v1/roster/25/20232024 "HTTP/1.1 404 Not Found"
2025-03-28 08:41:46,205 - utils.nhl_api - WARNING - Could not fetch roster using standard method, team may not exist
2025-03-28 08:41:46,205 - utils.nhl_api - INFO - Found 0 players on roster

Processing teams:  73%|#######2  | 24/33 [00:15<00:06,  1.45it/s]2025-03-28 08:41:46,205 - utils.nhl_api - INFO - NHL API Client initialized for season 20242025
2025-03-28 08:41:46,205 - utils.nhl_api - INFO - Fetching roster for team ID 26...
2025-03-28 08:41:46,788 - httpx - INFO - HTTP Request: GET https://api-web.nhle.com/v1/roster/26/20232024 "HTTP/1.1 404 Not Found"
2025-03-28 08:41:46,788 - utils.nhl_api - WARNING - Could not fetch roster using standard method, team may not exist
2025-03-28 08:41:46,788 - utils.nhl_api - INFO - Found 0 players on roster

Processing teams:  76%|#######5  | 25/33 [00:16<00:05,  1.52it/s]2025-03-28 08:41:46,788 - utils.nhl_api - INFO - NHL API Client initialized for season 20242025
2025-03-28 08:41:46,788 - utils.nhl_api - INFO - Fetching roster for team ID 28...
2025-03-28 08:41:47,342 - httpx - INFO - HTTP Request: GET https://api-web.nhle.com/v1/roster/28/20232024 "HTTP/1.1 404 Not Found"
2025-03-28 08:41:47,342 - utils.nhl_api - WARNING - Could not fetch roster using standard method, team may not exist
2025-03-28 08:41:47,342 - utils.nhl_api - INFO - Found 0 players on roster

Processing teams:  79%|#######8  | 26/33 [00:16<00:04,  1.59it/s]2025-03-28 08:41:47,352 - utils.nhl_api - INFO - NHL API Client initialized for season 20242025
2025-03-28 08:41:47,352 - utils.nhl_api - INFO - Fetching roster for team ID 29...
2025-03-28 08:41:47,905 - httpx - INFO - HTTP Request: GET https://api-web.nhle.com/v1/roster/29/20232024 "HTTP/1.1 404 Not Found"
2025-03-28 08:41:47,905 - utils.nhl_api - WARNING - Could not fetch roster using standard method, team may not exist
2025-03-28 08:41:47,905 - utils.nhl_api - INFO - Found 0 players on roster

Processing teams:  82%|########1 | 27/33 [00:17<00:03,  1.65it/s]2025-03-28 08:41:47,905 - utils.nhl_api - INFO - NHL API Client initialized for season 20242025
2025-03-28 08:41:47,905 - utils.nhl_api - INFO - Fetching roster for team ID 30...
2025-03-28 08:41:48,480 - httpx - INFO - HTTP Request: GET https://api-web.nhle.com/v1/roster/30/20232024 "HTTP/1.1 404 Not Found"
2025-03-28 08:41:48,481 - utils.nhl_api - WARNING - Could not fetch roster using standard method, team may not exist
2025-03-28 08:41:48,481 - utils.nhl_api - INFO - Found 0 players on roster

Processing teams:  85%|########4 | 28/33 [00:17<00:02,  1.67it/s]2025-03-28 08:41:48,482 - utils.nhl_api - INFO - NHL API Client initialized for season 20242025
2025-03-28 08:41:48,482 - utils.nhl_api - INFO - Fetching roster for team ID 52...
2025-03-28 08:41:49,034 - httpx - INFO - HTTP Request: GET https://api-web.nhle.com/v1/roster/52/20232024 "HTTP/1.1 404 Not Found"
2025-03-28 08:41:49,035 - utils.nhl_api - WARNING - Could not fetch roster using standard method, team may not exist
2025-03-28 08:41:49,035 - utils.nhl_api - INFO - Found 0 players on roster

Processing teams:  88%|########7 | 29/33 [00:18<00:02,  1.71it/s]2025-03-28 08:41:49,036 - utils.nhl_api - INFO - NHL API Client initialized for season 20242025
2025-03-28 08:41:49,036 - utils.nhl_api - INFO - Fetching roster for team ID 53...
2025-03-28 08:41:49,755 - httpx - INFO - HTTP Request: GET https://api-web.nhle.com/v1/roster/53/20232024 "HTTP/1.1 404 Not Found"
2025-03-28 08:41:49,755 - utils.nhl_api - WARNING - Could not fetch roster using standard method, team may not exist
2025-03-28 08:41:49,755 - utils.nhl_api - INFO - Found 0 players on roster

Processing teams:  91%|######### | 30/33 [00:19<00:01,  1.60it/s]2025-03-28 08:41:49,755 - utils.nhl_api - INFO - NHL API Client initialized for season 20242025
2025-03-28 08:41:49,755 - utils.nhl_api - INFO - Fetching roster for team ID 54...
2025-03-28 08:41:50,438 - httpx - INFO - HTTP Request: GET https://api-web.nhle.com/v1/roster/54/20232024 "HTTP/1.1 404 Not Found"
2025-03-28 08:41:50,438 - utils.nhl_api - WARNING - Could not fetch roster using standard method, team may not exist
2025-03-28 08:41:50,438 - utils.nhl_api - INFO - Found 0 players on roster

Processing teams:  94%|#########3| 31/33 [00:19<00:01,  1.56it/s]2025-03-28 08:41:50,438 - utils.nhl_api - INFO - NHL API Client initialized for season 20242025
2025-03-28 08:41:50,438 - utils.nhl_api - INFO - Fetching roster for team ID 55...
2025-03-28 08:41:51,005 - httpx - INFO - HTTP Request: GET https://api-web.nhle.com/v1/roster/55/20232024 "HTTP/1.1 404 Not Found"
2025-03-28 08:41:51,006 - utils.nhl_api - WARNING - Could not fetch roster using standard method, team may not exist
2025-03-28 08:41:51,006 - utils.nhl_api - INFO - Found 0 players on roster

Processing teams:  97%|#########6| 32/33 [00:20<00:00,  1.61it/s]2025-03-28 08:41:51,006 - utils.nhl_api - INFO - NHL API Client initialized for season 20242025
2025-03-28 08:41:51,006 - utils.nhl_api - INFO - Fetching roster for team ID 56...
2025-03-28 08:41:51,572 - httpx - INFO - HTTP Request: GET https://api-web.nhle.com/v1/roster/56/20232024 "HTTP/1.1 404 Not Found"
2025-03-28 08:41:51,572 - utils.nhl_api - WARNING - Could not fetch roster using standard method, team may not exist
2025-03-28 08:41:51,572 - utils.nhl_api - INFO - Found 0 players on roster

Processing teams: 100%|##########| 33/33 [00:20<00:00,  1.66it/s]
Processing teams: 100%|##########| 33/33 [00:20<00:00,  1.58it/s]
2025-03-28 08:41:51,572 - __main__ - WARNING - Game log collection is limited due to API structure changes
2025-03-28 08:41:51,956 - __main__ - INFO - Data collection complete!

2025-03-28 08:41:52,114 - __main__ - INFO - Data collection completed in 394.81 seconds
2025-03-28 08:41:52,115 - __main__ - INFO - Setting up database...
2025-03-28 08:41:52,115 - __main__ - INFO - Executing: python D:\Python\Kopitar\kopitar\database\db_setup.py --db_path D:\Python\Kopitar\kopitar\database\nhl_performance.db --data_dir D:\Python\Kopitar\kopitar\data
2025-03-28 08:41:55,823 - __main__ - INFO - 
2025-03-28 08:41:55,823 - __main__ - WARNING - 2025-03-28 08:41:53,872 - __main__ - INFO - Connected to database: D:\Python\Kopitar\kopitar\database\nhl_performance.db
2025-03-28 08:41:54,465 - __main__ - INFO - Database tables created successfully
2025-03-28 08:41:54,482 - __main__ - ERROR - Error importing nhl_data_20222023_20232024_RP_GDF_schedules.csv to games table: table games has no column named start_time
2025-03-28 08:41:54,494 - __main__ - ERROR - Error importing D:\Python\Kopitar\kopitar\data\nhl_data_20222023_20232024_RP_GDF_teams.csv to teams: UNIQUE constraint failed: teams.team_id
2025-03-28 08:41:54,514 - __main__ - ERROR - Error importing schedule_R_20222023.csv to games table: table games has no column named start_time
2025-03-28 08:41:54,527 - __main__ - ERROR - Error importing schedule_R_20232024.csv to games table: table games has no column named start_time
2025-03-28 08:41:55,692 - __main__ - INFO - Imported 33 rows from D:\Python\Kopitar\kopitar\data\teams_20222023.csv to teams
2025-03-28 08:41:55,712 - __main__ - ERROR - Error importing D:\Python\Kopitar\kopitar\data\teams_20232024.csv to teams: UNIQUE constraint failed: teams.team_id
2025-03-28 08:41:55,713 - __main__ - INFO - Database indexes created successfully
2025-03-28 08:41:55,713 - __main__ - INFO - Import statistics: {'teams': 1, 'schedules': 0, 'players': 0, 'game_logs': 0}
2025-03-28 08:41:55,713 - __main__ - INFO - Database setup complete: D:\Python\Kopitar\kopitar\database\nhl_performance.db

2025-03-28 08:41:55,823 - __main__ - INFO - Database setup completed in 3.71 seconds
2025-03-28 08:41:55,823 - __main__ - INFO - Running performance analysis...
2025-03-28 08:41:55,894 - __main__ - ERROR - Required data file does not exist: data\nhl_data_20222023_20232024_schedules.csv
2025-03-28 08:41:55,894 - __main__ - ERROR - Also checked: D:\Python\Kopitar\kopitar\data\nhl_data_20222023_20232024_schedules.csv and .\data\nhl_data_20222023_20232024_schedules.csv
2025-03-28 08:41:55,894 - __main__ - ERROR - Pipeline aborted after analysis failure
2025-03-28 10:29:47,564 - __main__ - INFO - Starting NHL Performance Analysis Pipeline
2025-03-28 10:29:47,596 - __main__ - INFO - Seasons: ['20232024']
2025-03-28 10:29:47,597 - __main__ - INFO - Game types: ['R']
2025-03-28 10:29:47,597 - __main__ - INFO - Player types: ['G', 'D', 'F']
2025-03-28 10:29:47,621 - __main__ - INFO - Starting data collection...
2025-03-28 10:29:47,621 - __main__ - INFO - Executing: python D:\Python\Kopitar\kopitar\analysis\data_collection.py --seasons 20232024 --game_types R --player_types G D F --output_dir D:\Python\Kopitar\kopitar\data
2025-03-28 10:30:28,335 - __main__ - INFO - 
2025-03-28 10:30:28,335 - __main__ - WARNING - 2025-03-28 10:29:55,464 - __main__ - INFO - Collecting data for NHL seasons: ['20232024'], game types: ['R'], player types: ['G', 'D', 'F']
2025-03-28 10:29:55,466 - utils.nhl_api - INFO - NHL API Client initialized for season 20242025
2025-03-28 10:29:55,466 - __main__ - INFO - Processing season 20232024...
2025-03-28 10:29:55,466 - __main__ - INFO - Fetching team information...
2025-03-28 10:29:55,466 - utils.nhl_api - INFO - NHL API Client initialized for season 20242025
2025-03-28 10:29:55,466 - utils.nhl_api - INFO - Fetching teams information...
2025-03-28 10:29:57,254 - httpx - INFO - HTTP Request: GET https://api-web.nhle.com/v1/standings/now "HTTP/1.1 307 Temporary Redirect"
2025-03-28 10:29:57,396 - httpx - INFO - HTTP Request: GET https://api-web.nhle.com/v1/standings/2025-03-27 "HTTP/1.1 200 OK"
2025-03-28 10:29:57,495 - utils.nhl_api - WARNING - Error fetching teams from standings: 'list' object has no attribute 'get'
2025-03-28 10:29:57,495 - utils.nhl_api - WARNING - Error fetching teams from teams endpoint: 'Teams' object has no attribute 'all_teams'
2025-03-28 10:29:57,495 - utils.nhl_api - WARNING - Using hardcoded team list as fallback
2025-03-28 10:29:57,662 - __main__ - INFO - Saved team information for 33 teams
2025-03-28 10:29:57,662 - __main__ - INFO - Processing regular_season games...
2025-03-28 10:29:57,662 - __main__ - INFO - Fetching regular_season schedule...
2025-03-28 10:29:57,662 - utils.nhl_api - INFO - NHL API Client initialized for season 20242025
2025-03-28 10:29:57,662 - utils.nhl_api - INFO - Fetching schedule...
2025-03-28 10:29:58,307 - httpx - INFO - HTTP Request: GET https://api-web.nhle.com/v1/schedule/now "HTTP/1.1 307 Temporary Redirect"
2025-03-28 10:29:58,605 - httpx - INFO - HTTP Request: GET https://api-web.nhle.com/v1/schedule/2025-03-27 "HTTP/1.1 200 OK"
2025-03-28 10:29:58,608 - utils.nhl_api - INFO - Found 54 games in schedule
2025-03-28 10:29:58,638 - __main__ - INFO - Adding travel data to schedule...
2025-03-28 10:30:01,511 - __main__ - INFO - Saved regular_season schedule with travel data for 54 games

Processing teams:   0%|          | 0/33 [00:00<?, ?it/s]2025-03-28 10:30:01,925 - utils.nhl_api - INFO - NHL API Client initialized for season 20242025
2025-03-28 10:30:01,926 - utils.nhl_api - INFO - Fetching roster for team ID 1...
2025-03-28 10:30:02,652 - httpx - INFO - HTTP Request: GET https://api-web.nhle.com/v1/roster/1/20232024 "HTTP/1.1 404 Not Found"
2025-03-28 10:30:02,652 - utils.nhl_api - WARNING - Could not fetch roster using standard method, team may not exist
2025-03-28 10:30:02,652 - utils.nhl_api - INFO - Found 0 players on roster

Processing teams:   3%|3         | 1/33 [00:00<00:23,  1.37it/s]2025-03-28 10:30:02,654 - utils.nhl_api - INFO - NHL API Client initialized for season 20242025
2025-03-28 10:30:02,654 - utils.nhl_api - INFO - Fetching roster for team ID 2...
2025-03-28 10:30:03,434 - httpx - INFO - HTTP Request: GET https://api-web.nhle.com/v1/roster/2/20232024 "HTTP/1.1 404 Not Found"
2025-03-28 10:30:03,435 - utils.nhl_api - WARNING - Could not fetch roster using standard method, team may not exist
2025-03-28 10:30:03,435 - utils.nhl_api - INFO - Found 0 players on roster

Processing teams:   6%|6         | 2/33 [00:01<00:23,  1.32it/s]2025-03-28 10:30:03,436 - utils.nhl_api - INFO - NHL API Client initialized for season 20242025
2025-03-28 10:30:03,436 - utils.nhl_api - INFO - Fetching roster for team ID 3...
2025-03-28 10:30:04,044 - httpx - INFO - HTTP Request: GET https://api-web.nhle.com/v1/roster/3/20232024 "HTTP/1.1 404 Not Found"
2025-03-28 10:30:04,044 - utils.nhl_api - WARNING - Could not fetch roster using standard method, team may not exist
2025-03-28 10:30:04,044 - utils.nhl_api - INFO - Found 0 players on roster

Processing teams:   9%|9         | 3/33 [00:02<00:20,  1.45it/s]2025-03-28 10:30:04,045 - utils.nhl_api - INFO - NHL API Client initialized for season 20242025
2025-03-28 10:30:04,045 - utils.nhl_api - INFO - Fetching roster for team ID 4...
2025-03-28 10:30:04,661 - httpx - INFO - HTTP Request: GET https://api-web.nhle.com/v1/roster/4/20232024 "HTTP/1.1 404 Not Found"
2025-03-28 10:30:04,661 - utils.nhl_api - WARNING - Could not fetch roster using standard method, team may not exist
2025-03-28 10:30:04,661 - utils.nhl_api - INFO - Found 0 players on roster

Processing teams:  12%|#2        | 4/33 [00:02<00:19,  1.51it/s]2025-03-28 10:30:04,662 - utils.nhl_api - INFO - NHL API Client initialized for season 20242025
2025-03-28 10:30:04,662 - utils.nhl_api - INFO - Fetching roster for team ID 5...
2025-03-28 10:30:05,275 - httpx - INFO - HTTP Request: GET https://api-web.nhle.com/v1/roster/5/20232024 "HTTP/1.1 404 Not Found"
2025-03-28 10:30:05,276 - utils.nhl_api - WARNING - Could not fetch roster using standard method, team may not exist
2025-03-28 10:30:05,276 - utils.nhl_api - INFO - Found 0 players on roster

Processing teams:  15%|#5        | 5/33 [00:03<00:18,  1.55it/s]2025-03-28 10:30:05,277 - utils.nhl_api - INFO - NHL API Client initialized for season 20242025
2025-03-28 10:30:05,278 - utils.nhl_api - INFO - Fetching roster for team ID 6...
2025-03-28 10:30:06,209 - httpx - INFO - HTTP Request: GET https://api-web.nhle.com/v1/roster/6/20232024 "HTTP/1.1 404 Not Found"
2025-03-28 10:30:06,211 - utils.nhl_api - WARNING - Could not fetch roster using standard method, team may not exist
2025-03-28 10:30:06,211 - utils.nhl_api - INFO - Found 0 players on roster

Processing teams:  18%|#8        | 6/33 [00:04<00:20,  1.35it/s]2025-03-28 10:30:06,211 - utils.nhl_api - INFO - NHL API Client initialized for season 20242025
2025-03-28 10:30:06,211 - utils.nhl_api - INFO - Fetching roster for team ID 7...
2025-03-28 10:30:07,179 - httpx - INFO - HTTP Request: GET https://api-web.nhle.com/v1/roster/7/20232024 "HTTP/1.1 404 Not Found"
2025-03-28 10:30:07,180 - utils.nhl_api - WARNING - Could not fetch roster using standard method, team may not exist
2025-03-28 10:30:07,180 - utils.nhl_api - INFO - Found 0 players on roster

Processing teams:  21%|##1       | 7/33 [00:05<00:21,  1.22it/s]2025-03-28 10:30:07,181 - utils.nhl_api - INFO - NHL API Client initialized for season 20242025
2025-03-28 10:30:07,181 - utils.nhl_api - INFO - Fetching roster for team ID 8...
2025-03-28 10:30:07,998 - httpx - INFO - HTTP Request: GET https://api-web.nhle.com/v1/roster/8/20232024 "HTTP/1.1 404 Not Found"
2025-03-28 10:30:07,999 - utils.nhl_api - WARNING - Could not fetch roster using standard method, team may not exist
2025-03-28 10:30:07,999 - utils.nhl_api - INFO - Found 0 players on roster

Processing teams:  24%|##4       | 8/33 [00:06<00:20,  1.22it/s]2025-03-28 10:30:08,000 - utils.nhl_api - INFO - NHL API Client initialized for season 20242025
2025-03-28 10:30:08,000 - utils.nhl_api - INFO - Fetching roster for team ID 9...
2025-03-28 10:30:08,722 - httpx - INFO - HTTP Request: GET https://api-web.nhle.com/v1/roster/9/20232024 "HTTP/1.1 404 Not Found"
2025-03-28 10:30:08,723 - utils.nhl_api - WARNING - Could not fetch roster using standard method, team may not exist
2025-03-28 10:30:08,724 - utils.nhl_api - INFO - Found 0 players on roster

Processing teams:  27%|##7       | 9/33 [00:06<00:18,  1.27it/s]2025-03-28 10:30:08,725 - utils.nhl_api - INFO - NHL API Client initialized for season 20242025
2025-03-28 10:30:08,725 - utils.nhl_api - INFO - Fetching roster for team ID 10...
2025-03-28 10:30:09,503 - httpx - INFO - HTTP Request: GET https://api-web.nhle.com/v1/roster/10/20232024 "HTTP/1.1 404 Not Found"
2025-03-28 10:30:09,505 - utils.nhl_api - WARNING - Could not fetch roster using standard method, team may not exist
2025-03-28 10:30:09,505 - utils.nhl_api - INFO - Found 0 players on roster

Processing teams:  30%|###       | 10/33 [00:07<00:18,  1.27it/s]2025-03-28 10:30:09,506 - utils.nhl_api - INFO - NHL API Client initialized for season 20242025
2025-03-28 10:30:09,506 - utils.nhl_api - INFO - Fetching roster for team ID 12...
2025-03-28 10:30:10,351 - httpx - INFO - HTTP Request: GET https://api-web.nhle.com/v1/roster/12/20232024 "HTTP/1.1 404 Not Found"
2025-03-28 10:30:10,352 - utils.nhl_api - WARNING - Could not fetch roster using standard method, team may not exist
2025-03-28 10:30:10,352 - utils.nhl_api - INFO - Found 0 players on roster

Processing teams:  33%|###3      | 11/33 [00:08<00:17,  1.24it/s]2025-03-28 10:30:10,353 - utils.nhl_api - INFO - NHL API Client initialized for season 20242025
2025-03-28 10:30:10,353 - utils.nhl_api - INFO - Fetching roster for team ID 13...
2025-03-28 10:30:11,153 - httpx - INFO - HTTP Request: GET https://api-web.nhle.com/v1/roster/13/20232024 "HTTP/1.1 404 Not Found"
2025-03-28 10:30:11,155 - utils.nhl_api - WARNING - Could not fetch roster using standard method, team may not exist
2025-03-28 10:30:11,155 - utils.nhl_api - INFO - Found 0 players on roster

Processing teams:  36%|###6      | 12/33 [00:09<00:16,  1.24it/s]2025-03-28 10:30:11,157 - utils.nhl_api - INFO - NHL API Client initialized for season 20242025
2025-03-28 10:30:11,157 - utils.nhl_api - INFO - Fetching roster for team ID 14...
2025-03-28 10:30:12,133 - httpx - INFO - HTTP Request: GET https://api-web.nhle.com/v1/roster/14/20232024 "HTTP/1.1 404 Not Found"
2025-03-28 10:30:12,133 - utils.nhl_api - WARNING - Could not fetch roster using standard method, team may not exist
2025-03-28 10:30:12,133 - utils.nhl_api - INFO - Found 0 players on roster

Processing teams:  39%|###9      | 13/33 [00:10<00:17,  1.17it/s]2025-03-28 10:30:12,133 - utils.nhl_api - INFO - NHL API Client initialized for season 20242025
2025-03-28 10:30:12,133 - utils.nhl_api - INFO - Fetching roster for team ID 15...
2025-03-28 10:30:12,945 - httpx - INFO - HTTP Request: GET https://api-web.nhle.com/v1/roster/15/20232024 "HTTP/1.1 404 Not Found"
2025-03-28 10:30:12,946 - utils.nhl_api - WARNING - Could not fetch roster using standard method, team may not exist
2025-03-28 10:30:12,946 - utils.nhl_api - INFO - Found 0 players on roster

Processing teams:  42%|####2     | 14/33 [00:11<00:16,  1.19it/s]2025-03-28 10:30:12,946 - utils.nhl_api - INFO - NHL API Client initialized for season 20242025
2025-03-28 10:30:12,946 - utils.nhl_api - INFO - Fetching roster for team ID 16...
2025-03-28 10:30:13,556 - httpx - INFO - HTTP Request: GET https://api-web.nhle.com/v1/roster/16/20232024 "HTTP/1.1 404 Not Found"
2025-03-28 10:30:13,558 - utils.nhl_api - WARNING - Could not fetch roster using standard method, team may not exist
2025-03-28 10:30:13,558 - utils.nhl_api - INFO - Found 0 players on roster

Processing teams:  45%|####5     | 15/33 [00:11<00:13,  1.29it/s]2025-03-28 10:30:13,559 - utils.nhl_api - INFO - NHL API Client initialized for season 20242025
2025-03-28 10:30:13,559 - utils.nhl_api - INFO - Fetching roster for team ID 17...
2025-03-28 10:30:14,159 - httpx - INFO - HTTP Request: GET https://api-web.nhle.com/v1/roster/17/20232024 "HTTP/1.1 404 Not Found"
2025-03-28 10:30:14,160 - utils.nhl_api - WARNING - Could not fetch roster using standard method, team may not exist
2025-03-28 10:30:14,160 - utils.nhl_api - INFO - Found 0 players on roster

Processing teams:  48%|####8     | 16/33 [00:12<00:12,  1.38it/s]2025-03-28 10:30:14,161 - utils.nhl_api - INFO - NHL API Client initialized for season 20242025
2025-03-28 10:30:14,161 - utils.nhl_api - INFO - Fetching roster for team ID 18...
2025-03-28 10:30:14,765 - httpx - INFO - HTTP Request: GET https://api-web.nhle.com/v1/roster/18/20232024 "HTTP/1.1 404 Not Found"
2025-03-28 10:30:14,766 - utils.nhl_api - WARNING - Could not fetch roster using standard method, team may not exist
2025-03-28 10:30:14,766 - utils.nhl_api - INFO - Found 0 players on roster

Processing teams:  52%|#####1    | 17/33 [00:12<00:10,  1.45it/s]2025-03-28 10:30:14,767 - utils.nhl_api - INFO - NHL API Client initialized for season 20242025
2025-03-28 10:30:14,767 - utils.nhl_api - INFO - Fetching roster for team ID 19...
2025-03-28 10:30:15,526 - httpx - INFO - HTTP Request: GET https://api-web.nhle.com/v1/roster/19/20232024 "HTTP/1.1 404 Not Found"
2025-03-28 10:30:15,527 - utils.nhl_api - WARNING - Could not fetch roster using standard method, team may not exist
2025-03-28 10:30:15,528 - utils.nhl_api - INFO - Found 0 players on roster

Processing teams:  55%|#####4    | 18/33 [00:13<00:10,  1.41it/s]2025-03-28 10:30:15,528 - utils.nhl_api - INFO - NHL API Client initialized for season 20242025
2025-03-28 10:30:15,529 - utils.nhl_api - INFO - Fetching roster for team ID 20...
2025-03-28 10:30:16,445 - httpx - INFO - HTTP Request: GET https://api-web.nhle.com/v1/roster/20/20232024 "HTTP/1.1 404 Not Found"
2025-03-28 10:30:16,446 - utils.nhl_api - WARNING - Could not fetch roster using standard method, team may not exist
2025-03-28 10:30:16,446 - utils.nhl_api - INFO - Found 0 players on roster

Processing teams:  58%|#####7    | 19/33 [00:14<00:10,  1.29it/s]2025-03-28 10:30:16,447 - utils.nhl_api - INFO - NHL API Client initialized for season 20242025
2025-03-28 10:30:16,447 - utils.nhl_api - INFO - Fetching roster for team ID 21...
2025-03-28 10:30:17,699 - httpx - INFO - HTTP Request: GET https://api-web.nhle.com/v1/roster/21/20232024 "HTTP/1.1 404 Not Found"
2025-03-28 10:30:17,700 - utils.nhl_api - WARNING - Could not fetch roster using standard method, team may not exist
2025-03-28 10:30:17,700 - utils.nhl_api - INFO - Found 0 players on roster

Processing teams:  61%|######    | 20/33 [00:15<00:11,  1.09it/s]2025-03-28 10:30:17,701 - utils.nhl_api - INFO - NHL API Client initialized for season 20242025
2025-03-28 10:30:17,702 - utils.nhl_api - INFO - Fetching roster for team ID 22...
2025-03-28 10:30:18,541 - httpx - INFO - HTTP Request: GET https://api-web.nhle.com/v1/roster/22/20232024 "HTTP/1.1 404 Not Found"
2025-03-28 10:30:18,553 - utils.nhl_api - WARNING - Could not fetch roster using standard method, team may not exist
2025-03-28 10:30:18,553 - utils.nhl_api - INFO - Found 0 players on roster

Processing teams:  64%|######3   | 21/33 [00:16<00:10,  1.11it/s]2025-03-28 10:30:18,553 - utils.nhl_api - INFO - NHL API Client initialized for season 20242025
2025-03-28 10:30:18,555 - utils.nhl_api - INFO - Fetching roster for team ID 23...
2025-03-28 10:30:19,207 - httpx - INFO - HTTP Request: GET https://api-web.nhle.com/v1/roster/23/20232024 "HTTP/1.1 404 Not Found"
2025-03-28 10:30:19,207 - utils.nhl_api - WARNING - Could not fetch roster using standard method, team may not exist
2025-03-28 10:30:19,207 - utils.nhl_api - INFO - Found 0 players on roster

Processing teams:  67%|######6   | 22/33 [00:17<00:09,  1.21it/s]2025-03-28 10:30:19,208 - utils.nhl_api - INFO - NHL API Client initialized for season 20242025
2025-03-28 10:30:19,208 - utils.nhl_api - INFO - Fetching roster for team ID 24...
2025-03-28 10:30:19,836 - httpx - INFO - HTTP Request: GET https://api-web.nhle.com/v1/roster/24/20232024 "HTTP/1.1 404 Not Found"
2025-03-28 10:30:19,836 - utils.nhl_api - WARNING - Could not fetch roster using standard method, team may not exist
2025-03-28 10:30:19,836 - utils.nhl_api - INFO - Found 0 players on roster

Processing teams:  70%|######9   | 23/33 [00:17<00:07,  1.31it/s]2025-03-28 10:30:19,837 - utils.nhl_api - INFO - NHL API Client initialized for season 20242025
2025-03-28 10:30:19,837 - utils.nhl_api - INFO - Fetching roster for team ID 25...
2025-03-28 10:30:20,450 - httpx - INFO - HTTP Request: GET https://api-web.nhle.com/v1/roster/25/20232024 "HTTP/1.1 404 Not Found"
2025-03-28 10:30:20,451 - utils.nhl_api - WARNING - Could not fetch roster using standard method, team may not exist
2025-03-28 10:30:20,451 - utils.nhl_api - INFO - Found 0 players on roster

Processing teams:  73%|#######2  | 24/33 [00:18<00:06,  1.39it/s]2025-03-28 10:30:20,452 - utils.nhl_api - INFO - NHL API Client initialized for season 20242025
2025-03-28 10:30:20,452 - utils.nhl_api - INFO - Fetching roster for team ID 26...
2025-03-28 10:30:21,237 - httpx - INFO - HTTP Request: GET https://api-web.nhle.com/v1/roster/26/20232024 "HTTP/1.1 404 Not Found"
2025-03-28 10:30:21,237 - utils.nhl_api - WARNING - Could not fetch roster using standard method, team may not exist
2025-03-28 10:30:21,237 - utils.nhl_api - INFO - Found 0 players on roster

Processing teams:  76%|#######5  | 25/33 [00:19<00:05,  1.35it/s]2025-03-28 10:30:21,239 - utils.nhl_api - INFO - NHL API Client initialized for season 20242025
2025-03-28 10:30:21,239 - utils.nhl_api - INFO - Fetching roster for team ID 28...
2025-03-28 10:30:22,302 - httpx - INFO - HTTP Request: GET https://api-web.nhle.com/v1/roster/28/20232024 "HTTP/1.1 404 Not Found"
2025-03-28 10:30:22,302 - utils.nhl_api - WARNING - Could not fetch roster using standard method, team may not exist
2025-03-28 10:30:22,303 - utils.nhl_api - INFO - Found 0 players on roster

Processing teams:  79%|#######8  | 26/33 [00:20<00:05,  1.19it/s]2025-03-28 10:30:22,304 - utils.nhl_api - INFO - NHL API Client initialized for season 20242025
2025-03-28 10:30:22,304 - utils.nhl_api - INFO - Fetching roster for team ID 29...
2025-03-28 10:30:23,064 - httpx - INFO - HTTP Request: GET https://api-web.nhle.com/v1/roster/29/20232024 "HTTP/1.1 404 Not Found"
2025-03-28 10:30:23,064 - utils.nhl_api - WARNING - Could not fetch roster using standard method, team may not exist
2025-03-28 10:30:23,064 - utils.nhl_api - INFO - Found 0 players on roster

Processing teams:  82%|########1 | 27/33 [00:21<00:04,  1.23it/s]2025-03-28 10:30:23,064 - utils.nhl_api - INFO - NHL API Client initialized for season 20242025
2025-03-28 10:30:23,064 - utils.nhl_api - INFO - Fetching roster for team ID 30...
2025-03-28 10:30:23,684 - httpx - INFO - HTTP Request: GET https://api-web.nhle.com/v1/roster/30/20232024 "HTTP/1.1 404 Not Found"
2025-03-28 10:30:23,684 - utils.nhl_api - WARNING - Could not fetch roster using standard method, team may not exist
2025-03-28 10:30:23,684 - utils.nhl_api - INFO - Found 0 players on roster

Processing teams:  85%|########4 | 28/33 [00:21<00:03,  1.32it/s]2025-03-28 10:30:23,687 - utils.nhl_api - INFO - NHL API Client initialized for season 20242025
2025-03-28 10:30:23,687 - utils.nhl_api - INFO - Fetching roster for team ID 52...
2025-03-28 10:30:24,323 - httpx - INFO - HTTP Request: GET https://api-web.nhle.com/v1/roster/52/20232024 "HTTP/1.1 404 Not Found"
2025-03-28 10:30:24,324 - utils.nhl_api - WARNING - Could not fetch roster using standard method, team may not exist
2025-03-28 10:30:24,324 - utils.nhl_api - INFO - Found 0 players on roster

Processing teams:  88%|########7 | 29/33 [00:22<00:02,  1.39it/s]2025-03-28 10:30:24,325 - utils.nhl_api - INFO - NHL API Client initialized for season 20242025
2025-03-28 10:30:24,325 - utils.nhl_api - INFO - Fetching roster for team ID 53...
2025-03-28 10:30:25,088 - httpx - INFO - HTTP Request: GET https://api-web.nhle.com/v1/roster/53/20232024 "HTTP/1.1 404 Not Found"
2025-03-28 10:30:25,088 - utils.nhl_api - WARNING - Could not fetch roster using standard method, team may not exist
2025-03-28 10:30:25,088 - utils.nhl_api - INFO - Found 0 players on roster

Processing teams:  91%|######### | 30/33 [00:23<00:02,  1.36it/s]2025-03-28 10:30:25,089 - utils.nhl_api - INFO - NHL API Client initialized for season 20242025
2025-03-28 10:30:25,090 - utils.nhl_api - INFO - Fetching roster for team ID 54...
2025-03-28 10:30:25,883 - httpx - INFO - HTTP Request: GET https://api-web.nhle.com/v1/roster/54/20232024 "HTTP/1.1 404 Not Found"
2025-03-28 10:30:25,885 - utils.nhl_api - WARNING - Could not fetch roster using standard method, team may not exist
2025-03-28 10:30:25,885 - utils.nhl_api - INFO - Found 0 players on roster

Processing teams:  94%|#########3| 31/33 [00:23<00:01,  1.33it/s]2025-03-28 10:30:25,885 - utils.nhl_api - INFO - NHL API Client initialized for season 20242025
2025-03-28 10:30:25,885 - utils.nhl_api - INFO - Fetching roster for team ID 55...
2025-03-28 10:30:26,898 - httpx - INFO - HTTP Request: GET https://api-web.nhle.com/v1/roster/55/20232024 "HTTP/1.1 404 Not Found"
2025-03-28 10:30:26,899 - utils.nhl_api - WARNING - Could not fetch roster using standard method, team may not exist
2025-03-28 10:30:26,899 - utils.nhl_api - INFO - Found 0 players on roster

Processing teams:  97%|#########6| 32/33 [00:24<00:00,  1.20it/s]2025-03-28 10:30:26,900 - utils.nhl_api - INFO - NHL API Client initialized for season 20242025
2025-03-28 10:30:26,900 - utils.nhl_api - INFO - Fetching roster for team ID 56...
2025-03-28 10:30:27,781 - httpx - INFO - HTTP Request: GET https://api-web.nhle.com/v1/roster/56/20232024 "HTTP/1.1 404 Not Found"
2025-03-28 10:30:27,795 - utils.nhl_api - WARNING - Could not fetch roster using standard method, team may not exist
2025-03-28 10:30:27,795 - utils.nhl_api - INFO - Found 0 players on roster

Processing teams: 100%|##########| 33/33 [00:25<00:00,  1.18it/s]
Processing teams: 100%|##########| 33/33 [00:25<00:00,  1.28it/s]
2025-03-28 10:30:27,796 - __main__ - WARNING - Game log collection is limited due to API structure changes
2025-03-28 10:30:28,187 - __main__ - INFO - Data collection complete!

2025-03-28 10:30:28,338 - __main__ - INFO - Data collection completed in 40.72 seconds
2025-03-28 10:30:28,339 - __main__ - INFO - Setting up database...
2025-03-28 10:30:28,339 - __main__ - INFO - Executing: python D:\Python\Kopitar\kopitar\database\db_setup.py --db_path D:\Python\Kopitar\kopitar\database\nhl_performance.db --data_dir D:\Python\Kopitar\kopitar\data
2025-03-28 10:30:37,723 - __main__ - INFO - 
2025-03-28 10:30:37,723 - __main__ - WARNING - 2025-03-28 10:30:29,621 - __main__ - INFO - Connected to database: D:\Python\Kopitar\kopitar\database\nhl_performance.db
2025-03-28 10:30:29,624 - __main__ - INFO - Database tables created successfully
2025-03-28 10:30:29,625 - __main__ - INFO - Database tables created successfully
2025-03-28 10:30:29,626 - __main__ - INFO - Database indexes created successfully
2025-03-28 10:30:29,627 - __main__ - INFO - Importing data from directory: D:\Python\Kopitar\kopitar\data
2025-03-28 10:30:30,376 - __main__ - INFO - Imported 66 rows from nhl_data_20222023_20232024_RP_GDF_teams.csv into teams table
2025-03-28 10:30:31,029 - __main__ - INFO - Imported 33 rows from nhl_data_20232024_R_GDF_teams.csv into teams table
2025-03-28 10:30:32,126 - __main__ - INFO - Imported 33 rows from teams_20222023.csv into teams table
2025-03-28 10:30:32,765 - __main__ - INFO - Imported 33 rows from teams_20232024.csv into teams table
2025-03-28 10:30:33,271 - __main__ - INFO - Imported 108 rows from nhl_data_20222023_20232024_RP_GDF_schedules.csv into games table
2025-03-28 10:30:33,969 - __main__ - INFO - Imported 54 rows from nhl_data_20232024_R_GDF_schedules.csv into games table
2025-03-28 10:30:34,450 - __main__ - INFO - Imported 54 rows from schedule_R_20222023.csv into games table
2025-03-28 10:30:34,917 - __main__ - INFO - Imported 54 rows from schedule_R_20232024.csv into games table
2025-03-28 10:30:37,586 - __main__ - INFO - Database indexes created successfully
2025-03-28 10:30:37,586 - __main__ - INFO - Import statistics: {'teams': 165, 'schedules': 270, 'players': 0, 'game_logs': 0}
2025-03-28 10:30:37,586 - __main__ - INFO - Database setup complete: D:\Python\Kopitar\kopitar\database\nhl_performance.db

2025-03-28 10:30:37,723 - __main__ - INFO - Database setup completed in 9.38 seconds
2025-03-28 10:30:37,724 - __main__ - INFO - Skipping analysis step
2025-03-28 10:30:37,724 - __main__ - INFO - NHL Performance Analysis Pipeline completed successfully
2025-03-28 11:01:48,698 - __main__ - INFO - Starting NHL Performance Analysis Pipeline
2025-03-28 11:01:48,699 - __main__ - INFO - Seasons: ['20232024']
2025-03-28 11:01:48,699 - __main__ - INFO - Game types: ['R']
2025-03-28 11:01:48,699 - __main__ - INFO - Player types: ['G', 'D', 'F']
2025-03-28 11:01:48,700 - __main__ - INFO - Starting data collection...
2025-03-28 11:01:48,700 - __main__ - INFO - Executing: python D:\Python\Kopitar\kopitar\analysis\data_collection.py --seasons 20232024 --game_types R --player_types G D F --output_dir D:\Python\Kopitar\kopitar\data
2025-03-28 11:04:28,219 - __main__ - INFO - 
2025-03-28 11:04:28,259 - __main__ - WARNING - 2025-03-28 11:01:57,337 - __main__ - INFO - Collecting data for NHL seasons: ['20232024'], game types: ['R'], player types: ['G', 'D', 'F']
2025-03-28 11:01:57,337 - utils.nhl_api - INFO - NHL API Client initialized for season 20242025
2025-03-28 11:01:57,338 - __main__ - INFO - Processing season 20232024...
2025-03-28 11:01:57,338 - __main__ - INFO - Fetching team information...
2025-03-28 11:01:57,338 - utils.nhl_api - INFO - NHL API Client initialized for season 20242025
2025-03-28 11:01:57,338 - utils.nhl_api - INFO - Fetching teams information...
2025-03-28 11:02:00,068 - httpx - INFO - HTTP Request: GET https://api-web.nhle.com/v1/standings/now "HTTP/1.1 307 Temporary Redirect"
2025-03-28 11:02:00,313 - httpx - INFO - HTTP Request: GET https://api-web.nhle.com/v1/standings/2025-03-27 "HTTP/1.1 200 OK"
2025-03-28 11:02:00,669 - utils.nhl_api - WARNING - Error fetching teams from standings: 'list' object has no attribute 'get'
2025-03-28 11:02:00,669 - utils.nhl_api - WARNING - Error fetching teams from teams endpoint: 'Teams' object has no attribute 'all_teams'
2025-03-28 11:02:00,669 - utils.nhl_api - WARNING - Using hardcoded team list as fallback
2025-03-28 11:02:00,798 - __main__ - INFO - Saved team information for 33 teams
2025-03-28 11:02:00,798 - __main__ - INFO - Processing regular_season games...
2025-03-28 11:02:00,798 - __main__ - INFO - Fetching regular_season schedule...
2025-03-28 11:02:00,798 - utils.nhl_api - INFO - NHL API Client initialized for season 20242025
2025-03-28 11:02:00,798 - utils.nhl_api - INFO - Fetching schedule...
2025-03-28 11:02:02,071 - httpx - INFO - HTTP Request: GET https://api-web.nhle.com/v1/schedule/now "HTTP/1.1 307 Temporary Redirect"
2025-03-28 11:02:02,281 - httpx - INFO - HTTP Request: GET https://api-web.nhle.com/v1/schedule/2025-03-27 "HTTP/1.1 200 OK"
2025-03-28 11:02:02,289 - utils.nhl_api - INFO - Found 54 games in schedule
2025-03-28 11:02:02,292 - __main__ - INFO - Adding travel data to schedule...
2025-03-28 11:02:04,022 - __main__ - INFO - Adding attendance data to games...

Fetching attendance:   0%|          | 0/54 [00:00<?, ?it/s]2025-03-28 11:02:04,460 - utils.nhl_api - INFO - NHL API Client initialized for season 20242025
2025-03-28 11:02:04,460 - utils.nhl_api - INFO - Fetching details for game ID 2024021143...
2025-03-28 11:02:05,133 - httpx - INFO - HTTP Request: GET https://api-web.nhle.com/v1/gamecenter/2024021143/boxscore "HTTP/1.1 200 OK"
2025-03-28 11:02:05,135 - utils.nhl_api - INFO - HTTP Request: GET https://api-web.nhle.com/v1/gamecenter/2024021143/boxscore "200"
2025-03-28 11:02:05,135 - utils.nhl_api - INFO - Retrieved details for game 2024021143

Fetching attendance:   2%|1         | 1/54 [00:00<00:41,  1.29it/s]2025-03-28 11:02:05,235 - utils.nhl_api - INFO - NHL API Client initialized for season 20242025
2025-03-28 11:02:05,236 - utils.nhl_api - INFO - Fetching details for game ID 2024021144...
2025-03-28 11:02:06,169 - httpx - INFO - HTTP Request: GET https://api-web.nhle.com/v1/gamecenter/2024021144/boxscore "HTTP/1.1 200 OK"
2025-03-28 11:02:06,170 - utils.nhl_api - INFO - HTTP Request: GET https://api-web.nhle.com/v1/gamecenter/2024021144/boxscore "200"
2025-03-28 11:02:06,170 - utils.nhl_api - INFO - Retrieved details for game 2024021144

Fetching attendance:   4%|3         | 2/54 [00:01<00:48,  1.08it/s]2025-03-28 11:02:06,271 - utils.nhl_api - INFO - NHL API Client initialized for season 20242025
2025-03-28 11:02:06,271 - utils.nhl_api - INFO - Fetching details for game ID 2024021145...
2025-03-28 11:02:06,946 - httpx - INFO - HTTP Request: GET https://api-web.nhle.com/v1/gamecenter/2024021145/boxscore "HTTP/1.1 200 OK"
2025-03-28 11:02:06,946 - utils.nhl_api - INFO - HTTP Request: GET https://api-web.nhle.com/v1/gamecenter/2024021145/boxscore "200"
2025-03-28 11:02:06,948 - utils.nhl_api - INFO - Retrieved details for game 2024021145

Fetching attendance:   6%|5         | 3/54 [00:02<00:43,  1.16it/s]2025-03-28 11:02:07,049 - utils.nhl_api - INFO - NHL API Client initialized for season 20242025
2025-03-28 11:02:07,050 - utils.nhl_api - INFO - Fetching details for game ID 2024021146...
2025-03-28 11:02:08,161 - httpx - INFO - HTTP Request: GET https://api-web.nhle.com/v1/gamecenter/2024021146/boxscore "HTTP/1.1 200 OK"
2025-03-28 11:02:08,161 - utils.nhl_api - INFO - HTTP Request: GET https://api-web.nhle.com/v1/gamecenter/2024021146/boxscore "200"
2025-03-28 11:02:08,163 - utils.nhl_api - INFO - Retrieved details for game 2024021146

Fetching attendance:   7%|7         | 4/54 [00:03<00:49,  1.00it/s]2025-03-28 11:02:08,264 - utils.nhl_api - INFO - NHL API Client initialized for season 20242025
2025-03-28 11:02:08,264 - utils.nhl_api - INFO - Fetching details for game ID 2024021148...
2025-03-28 11:02:09,415 - httpx - INFO - HTTP Request: GET https://api-web.nhle.com/v1/gamecenter/2024021148/boxscore "HTTP/1.1 200 OK"
2025-03-28 11:02:09,416 - utils.nhl_api - INFO - HTTP Request: GET https://api-web.nhle.com/v1/gamecenter/2024021148/boxscore "200"
2025-03-28 11:02:09,417 - utils.nhl_api - INFO - Retrieved details for game 2024021148

Fetching attendance:   9%|9         | 5/54 [00:05<00:53,  1.09s/it]2025-03-28 11:02:09,518 - utils.nhl_api - INFO - NHL API Client initialized for season 20242025
2025-03-28 11:02:09,518 - utils.nhl_api - INFO - Fetching details for game ID 2024021147...
2025-03-28 11:02:10,211 - httpx - INFO - HTTP Request: GET https://api-web.nhle.com/v1/gamecenter/2024021147/boxscore "HTTP/1.1 200 OK"
2025-03-28 11:02:10,211 - utils.nhl_api - INFO - HTTP Request: GET https://api-web.nhle.com/v1/gamecenter/2024021147/boxscore "200"
2025-03-28 11:02:10,212 - utils.nhl_api - INFO - Retrieved details for game 2024021147

Fetching attendance:  11%|#1        | 6/54 [00:05<00:47,  1.01it/s]2025-03-28 11:02:10,312 - utils.nhl_api - INFO - NHL API Client initialized for season 20242025
2025-03-28 11:02:10,312 - utils.nhl_api - INFO - Fetching details for game ID 2024021150...
2025-03-28 11:02:11,087 - httpx - INFO - HTTP Request: GET https://api-web.nhle.com/v1/gamecenter/2024021150/boxscore "HTTP/1.1 200 OK"
2025-03-28 11:02:11,088 - utils.nhl_api - INFO - HTTP Request: GET https://api-web.nhle.com/v1/gamecenter/2024021150/boxscore "200"
2025-03-28 11:02:11,089 - utils.nhl_api - INFO - Retrieved details for game 2024021150

Fetching attendance:  13%|#2        | 7/54 [00:06<00:44,  1.05it/s]2025-03-28 11:02:11,189 - utils.nhl_api - INFO - NHL API Client initialized for season 20242025
2025-03-28 11:02:11,190 - utils.nhl_api - INFO - Fetching details for game ID 2024021149...
2025-03-28 11:02:11,869 - httpx - INFO - HTTP Request: GET https://api-web.nhle.com/v1/gamecenter/2024021149/boxscore "HTTP/1.1 200 OK"
2025-03-28 11:02:11,870 - utils.nhl_api - INFO - HTTP Request: GET https://api-web.nhle.com/v1/gamecenter/2024021149/boxscore "200"
2025-03-28 11:02:11,871 - utils.nhl_api - INFO - Retrieved details for game 2024021149

Fetching attendance:  15%|#4        | 8/54 [00:07<00:41,  1.11it/s]2025-03-28 11:02:11,971 - utils.nhl_api - INFO - NHL API Client initialized for season 20242025
2025-03-28 11:02:11,971 - utils.nhl_api - INFO - Fetching details for game ID 2024021151...
2025-03-28 11:02:12,690 - httpx - INFO - HTTP Request: GET https://api-web.nhle.com/v1/gamecenter/2024021151/boxscore "HTTP/1.1 200 OK"
2025-03-28 11:02:12,692 - utils.nhl_api - INFO - HTTP Request: GET https://api-web.nhle.com/v1/gamecenter/2024021151/boxscore "200"
2025-03-28 11:02:12,692 - utils.nhl_api - INFO - Retrieved details for game 2024021151

Fetching attendance:  17%|#6        | 9/54 [00:08<00:39,  1.14it/s]2025-03-28 11:02:12,793 - utils.nhl_api - INFO - NHL API Client initialized for season 20242025
2025-03-28 11:02:12,793 - utils.nhl_api - INFO - Fetching details for game ID 2024021152...
2025-03-28 11:02:14,025 - httpx - INFO - HTTP Request: GET https://api-web.nhle.com/v1/gamecenter/2024021152/boxscore "HTTP/1.1 200 OK"
2025-03-28 11:02:14,025 - utils.nhl_api - INFO - HTTP Request: GET https://api-web.nhle.com/v1/gamecenter/2024021152/boxscore "200"
2025-03-28 11:02:14,025 - utils.nhl_api - INFO - Retrieved details for game 2024021152

Fetching attendance:  19%|#8        | 10/54 [00:09<00:44,  1.02s/it]2025-03-28 11:02:14,127 - utils.nhl_api - INFO - NHL API Client initialized for season 20242025
2025-03-28 11:02:14,127 - utils.nhl_api - INFO - Fetching details for game ID 2024021158...
2025-03-28 11:02:15,358 - httpx - INFO - HTTP Request: GET https://api-web.nhle.com/v1/gamecenter/2024021158/boxscore "HTTP/1.1 200 OK"
2025-03-28 11:02:15,359 - utils.nhl_api - INFO - HTTP Request: GET https://api-web.nhle.com/v1/gamecenter/2024021158/boxscore "200"
2025-03-28 11:02:15,359 - utils.nhl_api - INFO - Retrieved details for game 2024021158

Fetching attendance:  20%|##        | 11/54 [00:10<00:47,  1.11s/it]2025-03-28 11:02:15,459 - utils.nhl_api - INFO - NHL API Client initialized for season 20242025
2025-03-28 11:02:15,460 - utils.nhl_api - INFO - Fetching details for game ID 2024021157...
2025-03-28 11:02:16,271 - httpx - INFO - HTTP Request: GET https://api-web.nhle.com/v1/gamecenter/2024021157/boxscore "HTTP/1.1 200 OK"
2025-03-28 11:02:16,272 - utils.nhl_api - INFO - HTTP Request: GET https://api-web.nhle.com/v1/gamecenter/2024021157/boxscore "200"
2025-03-28 11:02:16,272 - utils.nhl_api - INFO - Retrieved details for game 2024021157

Fetching attendance:  22%|##2       | 12/54 [00:11<00:44,  1.05s/it]2025-03-28 11:02:16,373 - utils.nhl_api - INFO - NHL API Client initialized for season 20242025
2025-03-28 11:02:16,373 - utils.nhl_api - INFO - Fetching details for game ID 2024021156...
2025-03-28 11:02:17,077 - httpx - INFO - HTTP Request: GET https://api-web.nhle.com/v1/gamecenter/2024021156/boxscore "HTTP/1.1 200 OK"
2025-03-28 11:02:17,078 - utils.nhl_api - INFO - HTTP Request: GET https://api-web.nhle.com/v1/gamecenter/2024021156/boxscore "200"
2025-03-28 11:02:17,078 - utils.nhl_api - INFO - Retrieved details for game 2024021156

Fetching attendance:  24%|##4       | 13/54 [00:12<00:40,  1.02it/s]2025-03-28 11:02:17,178 - utils.nhl_api - INFO - NHL API Client initialized for season 20242025
2025-03-28 11:02:17,178 - utils.nhl_api - INFO - Fetching details for game ID 2024021153...
2025-03-28 11:02:17,893 - httpx - INFO - HTTP Request: GET https://api-web.nhle.com/v1/gamecenter/2024021153/boxscore "HTTP/1.1 200 OK"
2025-03-28 11:02:17,893 - utils.nhl_api - INFO - HTTP Request: GET https://api-web.nhle.com/v1/gamecenter/2024021153/boxscore "200"
2025-03-28 11:02:17,894 - utils.nhl_api - INFO - Retrieved details for game 2024021153

Fetching attendance:  26%|##5       | 14/54 [00:13<00:37,  1.08it/s]2025-03-28 11:02:17,995 - utils.nhl_api - INFO - NHL API Client initialized for season 20242025
2025-03-28 11:02:17,995 - utils.nhl_api - INFO - Fetching details for game ID 2024021154...
2025-03-28 11:02:18,659 - httpx - INFO - HTTP Request: GET https://api-web.nhle.com/v1/gamecenter/2024021154/boxscore "HTTP/1.1 200 OK"
2025-03-28 11:02:18,660 - utils.nhl_api - INFO - HTTP Request: GET https://api-web.nhle.com/v1/gamecenter/2024021154/boxscore "200"
2025-03-28 11:02:18,660 - utils.nhl_api - INFO - Retrieved details for game 2024021154

Fetching attendance:  28%|##7       | 15/54 [00:14<00:34,  1.14it/s]2025-03-28 11:02:18,760 - utils.nhl_api - INFO - NHL API Client initialized for season 20242025
2025-03-28 11:02:18,760 - utils.nhl_api - INFO - Fetching details for game ID 2024021155...
2025-03-28 11:02:19,885 - httpx - INFO - HTTP Request: GET https://api-web.nhle.com/v1/gamecenter/2024021155/boxscore "HTTP/1.1 200 OK"
2025-03-28 11:02:19,886 - utils.nhl_api - INFO - HTTP Request: GET https://api-web.nhle.com/v1/gamecenter/2024021155/boxscore "200"
2025-03-28 11:02:19,886 - utils.nhl_api - INFO - Retrieved details for game 2024021155

Fetching attendance:  30%|##9       | 16/54 [00:15<00:37,  1.02it/s]2025-03-28 11:02:19,988 - utils.nhl_api - INFO - NHL API Client initialized for season 20242025
2025-03-28 11:02:19,988 - utils.nhl_api - INFO - Fetching details for game ID 2024021165...
2025-03-28 11:02:21,276 - httpx - INFO - HTTP Request: GET https://api-web.nhle.com/v1/gamecenter/2024021165/boxscore "HTTP/1.1 200 OK"
2025-03-28 11:02:21,277 - utils.nhl_api - INFO - HTTP Request: GET https://api-web.nhle.com/v1/gamecenter/2024021165/boxscore "200"
2025-03-28 11:02:21,277 - utils.nhl_api - INFO - Retrieved details for game 2024021165

Fetching attendance:  31%|###1      | 17/54 [00:16<00:40,  1.11s/it]2025-03-28 11:02:21,378 - utils.nhl_api - INFO - NHL API Client initialized for season 20242025
2025-03-28 11:02:21,378 - utils.nhl_api - INFO - Fetching details for game ID 2024021168...
2025-03-28 11:02:22,193 - httpx - INFO - HTTP Request: GET https://api-web.nhle.com/v1/gamecenter/2024021168/boxscore "HTTP/1.1 200 OK"
2025-03-28 11:02:22,193 - utils.nhl_api - INFO - HTTP Request: GET https://api-web.nhle.com/v1/gamecenter/2024021168/boxscore "200"
2025-03-28 11:02:22,193 - utils.nhl_api - INFO - Retrieved details for game 2024021168

Fetching attendance:  33%|###3      | 18/54 [00:17<00:37,  1.05s/it]2025-03-28 11:02:22,300 - utils.nhl_api - INFO - NHL API Client initialized for season 20242025
2025-03-28 11:02:22,300 - utils.nhl_api - INFO - Fetching details for game ID 2024021167...
2025-03-28 11:02:23,030 - httpx - INFO - HTTP Request: GET https://api-web.nhle.com/v1/gamecenter/2024021167/boxscore "HTTP/1.1 200 OK"
2025-03-28 11:02:23,031 - utils.nhl_api - INFO - HTTP Request: GET https://api-web.nhle.com/v1/gamecenter/2024021167/boxscore "200"
2025-03-28 11:02:23,031 - utils.nhl_api - INFO - Retrieved details for game 2024021167

Fetching attendance:  35%|###5      | 19/54 [00:18<00:34,  1.01it/s]2025-03-28 11:02:23,132 - utils.nhl_api - INFO - NHL API Client initialized for season 20242025
2025-03-28 11:02:23,132 - utils.nhl_api - INFO - Fetching details for game ID 2024021166...
2025-03-28 11:02:23,916 - httpx - INFO - HTTP Request: GET https://api-web.nhle.com/v1/gamecenter/2024021166/boxscore "HTTP/1.1 200 OK"
2025-03-28 11:02:23,917 - utils.nhl_api - INFO - HTTP Request: GET https://api-web.nhle.com/v1/gamecenter/2024021166/boxscore "200"
2025-03-28 11:02:23,917 - utils.nhl_api - INFO - Retrieved details for game 2024021166

Fetching attendance:  37%|###7      | 20/54 [00:19<00:32,  1.05it/s]2025-03-28 11:02:24,018 - utils.nhl_api - INFO - NHL API Client initialized for season 20242025
2025-03-28 11:02:24,019 - utils.nhl_api - INFO - Fetching details for game ID 2024021164...
2025-03-28 11:02:24,840 - httpx - INFO - HTTP Request: GET https://api-web.nhle.com/v1/gamecenter/2024021164/boxscore "HTTP/1.1 200 OK"
2025-03-28 11:02:24,860 - utils.nhl_api - INFO - HTTP Request: GET https://api-web.nhle.com/v1/gamecenter/2024021164/boxscore "200"
2025-03-28 11:02:24,860 - utils.nhl_api - INFO - Retrieved details for game 2024021164

Fetching attendance:  39%|###8      | 21/54 [00:20<00:31,  1.05it/s]2025-03-28 11:02:24,961 - utils.nhl_api - INFO - NHL API Client initialized for season 20242025
2025-03-28 11:02:24,961 - utils.nhl_api - INFO - Fetching details for game ID 2024021169...
2025-03-28 11:02:26,015 - httpx - INFO - HTTP Request: GET https://api-web.nhle.com/v1/gamecenter/2024021169/boxscore "HTTP/1.1 200 OK"
2025-03-28 11:02:26,016 - utils.nhl_api - INFO - HTTP Request: GET https://api-web.nhle.com/v1/gamecenter/2024021169/boxscore "200"
2025-03-28 11:02:26,016 - utils.nhl_api - INFO - Retrieved details for game 2024021169

Fetching attendance:  41%|####      | 22/54 [00:21<00:32,  1.01s/it]2025-03-28 11:02:26,116 - utils.nhl_api - INFO - NHL API Client initialized for season 20242025
2025-03-28 11:02:26,116 - utils.nhl_api - INFO - Fetching details for game ID 2024021162...
2025-03-28 11:02:27,363 - httpx - INFO - HTTP Request: GET https://api-web.nhle.com/v1/gamecenter/2024021162/boxscore "HTTP/1.1 200 OK"
2025-03-28 11:02:27,364 - utils.nhl_api - INFO - HTTP Request: GET https://api-web.nhle.com/v1/gamecenter/2024021162/boxscore "200"
2025-03-28 11:02:27,364 - utils.nhl_api - INFO - Retrieved details for game 2024021162

Fetching attendance:  43%|####2     | 23/54 [00:23<00:34,  1.11s/it]2025-03-28 11:02:27,465 - utils.nhl_api - INFO - NHL API Client initialized for season 20242025
2025-03-28 11:02:27,465 - utils.nhl_api - INFO - Fetching details for game ID 2024021161...
2025-03-28 11:02:28,271 - httpx - INFO - HTTP Request: GET https://api-web.nhle.com/v1/gamecenter/2024021161/boxscore "HTTP/1.1 200 OK"
2025-03-28 11:02:28,271 - utils.nhl_api - INFO - HTTP Request: GET https://api-web.nhle.com/v1/gamecenter/2024021161/boxscore "200"
2025-03-28 11:02:28,271 - utils.nhl_api - INFO - Retrieved details for game 2024021161

Fetching attendance:  44%|####4     | 24/54 [00:23<00:31,  1.05s/it]2025-03-28 11:02:28,373 - utils.nhl_api - INFO - NHL API Client initialized for season 20242025
2025-03-28 11:02:28,373 - utils.nhl_api - INFO - Fetching details for game ID 2024021160...
2025-03-28 11:02:29,190 - httpx - INFO - HTTP Request: GET https://api-web.nhle.com/v1/gamecenter/2024021160/boxscore "HTTP/1.1 200 OK"
2025-03-28 11:02:29,190 - utils.nhl_api - INFO - HTTP Request: GET https://api-web.nhle.com/v1/gamecenter/2024021160/boxscore "200"
2025-03-28 11:02:29,190 - utils.nhl_api - INFO - Retrieved details for game 2024021160

Fetching attendance:  46%|####6     | 25/54 [00:24<00:29,  1.01s/it]2025-03-28 11:02:29,291 - utils.nhl_api - INFO - NHL API Client initialized for season 20242025
2025-03-28 11:02:29,291 - utils.nhl_api - INFO - Fetching details for game ID 2024021159...
2025-03-28 11:02:30,237 - httpx - INFO - HTTP Request: GET https://api-web.nhle.com/v1/gamecenter/2024021159/boxscore "HTTP/1.1 200 OK"
2025-03-28 11:02:30,237 - utils.nhl_api - INFO - HTTP Request: GET https://api-web.nhle.com/v1/gamecenter/2024021159/boxscore "200"
2025-03-28 11:02:30,238 - utils.nhl_api - INFO - Retrieved details for game 2024021159

Fetching attendance:  48%|####8     | 26/54 [00:25<00:28,  1.02s/it]2025-03-28 11:02:30,338 - utils.nhl_api - INFO - NHL API Client initialized for season 20242025
2025-03-28 11:02:30,338 - utils.nhl_api - INFO - Fetching details for game ID 2024021163...
2025-03-28 11:02:31,133 - httpx - INFO - HTTP Request: GET https://api-web.nhle.com/v1/gamecenter/2024021163/boxscore "HTTP/1.1 200 OK"
2025-03-28 11:02:31,133 - utils.nhl_api - INFO - HTTP Request: GET https://api-web.nhle.com/v1/gamecenter/2024021163/boxscore "200"
2025-03-28 11:02:31,133 - utils.nhl_api - INFO - Retrieved details for game 2024021163

Fetching attendance:  50%|#####     | 27/54 [00:26<00:26,  1.02it/s]2025-03-28 11:02:31,234 - utils.nhl_api - INFO - NHL API Client initialized for season 20242025
2025-03-28 11:02:31,234 - utils.nhl_api - INFO - Fetching details for game ID 2024021170...
2025-03-28 11:02:32,463 - httpx - INFO - HTTP Request: GET https://api-web.nhle.com/v1/gamecenter/2024021170/boxscore "HTTP/1.1 200 OK"
2025-03-28 11:02:32,464 - utils.nhl_api - INFO - HTTP Request: GET https://api-web.nhle.com/v1/gamecenter/2024021170/boxscore "200"
2025-03-28 11:02:32,464 - utils.nhl_api - INFO - Retrieved details for game 2024021170

Fetching attendance:  52%|#####1    | 28/54 [00:28<00:28,  1.09s/it]2025-03-28 11:02:32,565 - utils.nhl_api - INFO - NHL API Client initialized for season 20242025
2025-03-28 11:02:32,565 - utils.nhl_api - INFO - Fetching details for game ID 2024021171...
2025-03-28 11:02:33,720 - httpx - INFO - HTTP Request: GET https://api-web.nhle.com/v1/gamecenter/2024021171/boxscore "HTTP/1.1 200 OK"
2025-03-28 11:02:33,720 - utils.nhl_api - INFO - HTTP Request: GET https://api-web.nhle.com/v1/gamecenter/2024021171/boxscore "200"
2025-03-28 11:02:33,720 - utils.nhl_api - INFO - Retrieved details for game 2024021171

Fetching attendance:  54%|#####3    | 29/54 [00:29<00:28,  1.14s/it]2025-03-28 11:02:33,822 - utils.nhl_api - INFO - NHL API Client initialized for season 20242025
2025-03-28 11:02:33,822 - utils.nhl_api - INFO - Fetching details for game ID 2024021172...
2025-03-28 11:02:34,744 - httpx - INFO - HTTP Request: GET https://api-web.nhle.com/v1/gamecenter/2024021172/boxscore "HTTP/1.1 200 OK"
2025-03-28 11:02:34,744 - utils.nhl_api - INFO - HTTP Request: GET https://api-web.nhle.com/v1/gamecenter/2024021172/boxscore "200"
2025-03-28 11:02:34,745 - utils.nhl_api - INFO - Retrieved details for game 2024021172

Fetching attendance:  56%|#####5    | 30/54 [00:30<00:26,  1.10s/it]2025-03-28 11:02:34,846 - utils.nhl_api - INFO - NHL API Client initialized for season 20242025
2025-03-28 11:02:34,846 - utils.nhl_api - INFO - Fetching details for game ID 2024021173...
2025-03-28 11:02:35,734 - httpx - INFO - HTTP Request: GET https://api-web.nhle.com/v1/gamecenter/2024021173/boxscore "HTTP/1.1 200 OK"
2025-03-28 11:02:35,735 - utils.nhl_api - INFO - HTTP Request: GET https://api-web.nhle.com/v1/gamecenter/2024021173/boxscore "200"
2025-03-28 11:02:35,735 - utils.nhl_api - INFO - Retrieved details for game 2024021173

Fetching attendance:  57%|#####7    | 31/54 [00:31<00:24,  1.07s/it]2025-03-28 11:02:35,836 - utils.nhl_api - INFO - NHL API Client initialized for season 20242025
2025-03-28 11:02:35,836 - utils.nhl_api - INFO - Fetching details for game ID 2024021174...
2025-03-28 11:02:36,815 - httpx - INFO - HTTP Request: GET https://api-web.nhle.com/v1/gamecenter/2024021174/boxscore "HTTP/1.1 200 OK"
2025-03-28 11:02:36,815 - utils.nhl_api - INFO - HTTP Request: GET https://api-web.nhle.com/v1/gamecenter/2024021174/boxscore "200"
2025-03-28 11:02:36,816 - utils.nhl_api - INFO - Retrieved details for game 2024021174

Fetching attendance:  59%|#####9    | 32/54 [00:32<00:23,  1.07s/it]2025-03-28 11:02:36,917 - utils.nhl_api - INFO - NHL API Client initialized for season 20242025
2025-03-28 11:02:36,917 - utils.nhl_api - INFO - Fetching details for game ID 2024021175...
2025-03-28 11:02:37,956 - httpx - INFO - HTTP Request: GET https://api-web.nhle.com/v1/gamecenter/2024021175/boxscore "HTTP/1.1 200 OK"
2025-03-28 11:02:37,957 - utils.nhl_api - INFO - HTTP Request: GET https://api-web.nhle.com/v1/gamecenter/2024021175/boxscore "200"
2025-03-28 11:02:37,957 - utils.nhl_api - INFO - Retrieved details for game 2024021175

Fetching attendance:  61%|######1   | 33/54 [00:33<00:22,  1.09s/it]2025-03-28 11:02:38,059 - utils.nhl_api - INFO - NHL API Client initialized for season 20242025
2025-03-28 11:02:38,059 - utils.nhl_api - INFO - Fetching details for game ID 2024021176...
2025-03-28 11:02:39,422 - httpx - INFO - HTTP Request: GET https://api-web.nhle.com/v1/gamecenter/2024021176/boxscore "HTTP/1.1 200 OK"
2025-03-28 11:02:39,423 - utils.nhl_api - INFO - HTTP Request: GET https://api-web.nhle.com/v1/gamecenter/2024021176/boxscore "200"
2025-03-28 11:02:39,423 - utils.nhl_api - INFO - Retrieved details for game 2024021176

Fetching attendance:  63%|######2   | 34/54 [00:35<00:24,  1.21s/it]2025-03-28 11:02:39,525 - utils.nhl_api - INFO - NHL API Client initialized for season 20242025
2025-03-28 11:02:39,525 - utils.nhl_api - INFO - Fetching details for game ID 2024021177...
2025-03-28 11:02:40,517 - httpx - INFO - HTTP Request: GET https://api-web.nhle.com/v1/gamecenter/2024021177/boxscore "HTTP/1.1 200 OK"
2025-03-28 11:02:40,517 - utils.nhl_api - INFO - HTTP Request: GET https://api-web.nhle.com/v1/gamecenter/2024021177/boxscore "200"
2025-03-28 11:02:40,517 - utils.nhl_api - INFO - Retrieved details for game 2024021177

Fetching attendance:  65%|######4   | 35/54 [00:36<00:22,  1.17s/it]2025-03-28 11:02:40,618 - utils.nhl_api - INFO - NHL API Client initialized for season 20242025
2025-03-28 11:02:40,618 - utils.nhl_api - INFO - Fetching details for game ID 2024021181...
2025-03-28 11:02:41,282 - httpx - INFO - HTTP Request: GET https://api-web.nhle.com/v1/gamecenter/2024021181/boxscore "HTTP/1.1 200 OK"
2025-03-28 11:02:41,284 - utils.nhl_api - INFO - HTTP Request: GET https://api-web.nhle.com/v1/gamecenter/2024021181/boxscore "200"
2025-03-28 11:02:41,284 - utils.nhl_api - INFO - Retrieved details for game 2024021181

Fetching attendance:  67%|######6   | 36/54 [00:36<00:18,  1.05s/it]2025-03-28 11:02:41,385 - utils.nhl_api - INFO - NHL API Client initialized for season 20242025
2025-03-28 11:02:41,385 - utils.nhl_api - INFO - Fetching details for game ID 2024021180...
2025-03-28 11:02:42,066 - httpx - INFO - HTTP Request: GET https://api-web.nhle.com/v1/gamecenter/2024021180/boxscore "HTTP/1.1 200 OK"
2025-03-28 11:02:42,066 - utils.nhl_api - INFO - HTTP Request: GET https://api-web.nhle.com/v1/gamecenter/2024021180/boxscore "200"
2025-03-28 11:02:42,066 - utils.nhl_api - INFO - Retrieved details for game 2024021180

Fetching attendance:  69%|######8   | 37/54 [00:37<00:16,  1.03it/s]2025-03-28 11:02:42,169 - utils.nhl_api - INFO - NHL API Client initialized for season 20242025
2025-03-28 11:02:42,169 - utils.nhl_api - INFO - Fetching details for game ID 2024021178...
2025-03-28 11:02:42,936 - httpx - INFO - HTTP Request: GET https://api-web.nhle.com/v1/gamecenter/2024021178/boxscore "HTTP/1.1 200 OK"
2025-03-28 11:02:42,937 - utils.nhl_api - INFO - HTTP Request: GET https://api-web.nhle.com/v1/gamecenter/2024021178/boxscore "200"
2025-03-28 11:02:42,937 - utils.nhl_api - INFO - Retrieved details for game 2024021178

Fetching attendance:  70%|#######   | 38/54 [00:38<00:15,  1.06it/s]2025-03-28 11:02:43,038 - utils.nhl_api - INFO - NHL API Client initialized for season 20242025
2025-03-28 11:02:43,038 - utils.nhl_api - INFO - Fetching details for game ID 2024021179...
2025-03-28 11:02:44,433 - httpx - INFO - HTTP Request: GET https://api-web.nhle.com/v1/gamecenter/2024021179/boxscore "HTTP/1.1 200 OK"
2025-03-28 11:02:44,433 - utils.nhl_api - INFO - HTTP Request: GET https://api-web.nhle.com/v1/gamecenter/2024021179/boxscore "200"
2025-03-28 11:02:44,433 - utils.nhl_api - INFO - Retrieved details for game 2024021179

Fetching attendance:  72%|#######2  | 39/54 [00:40<00:16,  1.11s/it]2025-03-28 11:02:44,534 - utils.nhl_api - INFO - NHL API Client initialized for season 20242025
2025-03-28 11:02:44,534 - utils.nhl_api - INFO - Fetching details for game ID 2024021191...
2025-03-28 11:02:45,926 - httpx - INFO - HTTP Request: GET https://api-web.nhle.com/v1/gamecenter/2024021191/boxscore "HTTP/1.1 200 OK"
2025-03-28 11:02:45,927 - utils.nhl_api - INFO - HTTP Request: GET https://api-web.nhle.com/v1/gamecenter/2024021191/boxscore "200"
2025-03-28 11:02:45,927 - utils.nhl_api - INFO - Retrieved details for game 2024021191

Fetching attendance:  74%|#######4  | 40/54 [00:41<00:17,  1.22s/it]2025-03-28 11:02:46,028 - utils.nhl_api - INFO - NHL API Client initialized for season 20242025
2025-03-28 11:02:46,028 - utils.nhl_api - INFO - Fetching details for game ID 2024021190...
2025-03-28 11:02:46,943 - httpx - INFO - HTTP Request: GET https://api-web.nhle.com/v1/gamecenter/2024021190/boxscore "HTTP/1.1 200 OK"
2025-03-28 11:02:46,943 - utils.nhl_api - INFO - HTTP Request: GET https://api-web.nhle.com/v1/gamecenter/2024021190/boxscore "200"
2025-03-28 11:02:46,944 - utils.nhl_api - INFO - Retrieved details for game 2024021190

Fetching attendance:  76%|#######5  | 41/54 [00:42<00:15,  1.16s/it]2025-03-28 11:02:47,044 - utils.nhl_api - INFO - NHL API Client initialized for season 20242025
2025-03-28 11:02:47,044 - utils.nhl_api - INFO - Fetching details for game ID 2024021189...
2025-03-28 11:02:47,698 - httpx - INFO - HTTP Request: GET https://api-web.nhle.com/v1/gamecenter/2024021189/boxscore "HTTP/1.1 200 OK"
2025-03-28 11:02:47,698 - utils.nhl_api - INFO - HTTP Request: GET https://api-web.nhle.com/v1/gamecenter/2024021189/boxscore "200"
2025-03-28 11:02:47,698 - utils.nhl_api - INFO - Retrieved details for game 2024021189

Fetching attendance:  78%|#######7  | 42/54 [00:43<00:12,  1.04s/it]2025-03-28 11:02:47,800 - utils.nhl_api - INFO - NHL API Client initialized for season 20242025
2025-03-28 11:02:47,800 - utils.nhl_api - INFO - Fetching details for game ID 2024021187...
2025-03-28 11:02:48,580 - httpx - INFO - HTTP Request: GET https://api-web.nhle.com/v1/gamecenter/2024021187/boxscore "HTTP/1.1 200 OK"
2025-03-28 11:02:48,581 - utils.nhl_api - INFO - HTTP Request: GET https://api-web.nhle.com/v1/gamecenter/2024021187/boxscore "200"
2025-03-28 11:02:48,581 - utils.nhl_api - INFO - Retrieved details for game 2024021187

Fetching attendance:  80%|#######9  | 43/54 [00:44<00:10,  1.01it/s]2025-03-28 11:02:48,682 - utils.nhl_api - INFO - NHL API Client initialized for season 20242025
2025-03-28 11:02:48,682 - utils.nhl_api - INFO - Fetching details for game ID 2024021188...
2025-03-28 11:02:49,757 - httpx - INFO - HTTP Request: GET https://api-web.nhle.com/v1/gamecenter/2024021188/boxscore "HTTP/1.1 200 OK"
2025-03-28 11:02:49,758 - utils.nhl_api - INFO - HTTP Request: GET https://api-web.nhle.com/v1/gamecenter/2024021188/boxscore "200"
2025-03-28 11:02:49,758 - utils.nhl_api - INFO - Retrieved details for game 2024021188

Fetching attendance:  81%|########1 | 44/54 [00:45<00:10,  1.05s/it]2025-03-28 11:02:49,859 - utils.nhl_api - INFO - NHL API Client initialized for season 20242025
2025-03-28 11:02:49,859 - utils.nhl_api - INFO - Fetching details for game ID 2024021185...
2025-03-28 11:02:51,130 - httpx - INFO - HTTP Request: GET https://api-web.nhle.com/v1/gamecenter/2024021185/boxscore "HTTP/1.1 200 OK"
2025-03-28 11:02:51,131 - utils.nhl_api - INFO - HTTP Request: GET https://api-web.nhle.com/v1/gamecenter/2024021185/boxscore "200"
2025-03-28 11:02:51,131 - utils.nhl_api - INFO - Retrieved details for game 2024021185

Fetching attendance:  83%|########3 | 45/54 [00:46<00:10,  1.15s/it]2025-03-28 11:02:51,231 - utils.nhl_api - INFO - NHL API Client initialized for season 20242025
2025-03-28 11:02:51,231 - utils.nhl_api - INFO - Fetching details for game ID 2024021184...
2025-03-28 11:02:52,102 - httpx - INFO - HTTP Request: GET https://api-web.nhle.com/v1/gamecenter/2024021184/boxscore "HTTP/1.1 200 OK"
2025-03-28 11:02:52,102 - utils.nhl_api - INFO - HTTP Request: GET https://api-web.nhle.com/v1/gamecenter/2024021184/boxscore "200"
2025-03-28 11:02:52,103 - utils.nhl_api - INFO - Retrieved details for game 2024021184

Fetching attendance:  85%|########5 | 46/54 [00:47<00:08,  1.09s/it]2025-03-28 11:02:52,204 - utils.nhl_api - INFO - NHL API Client initialized for season 20242025
2025-03-28 11:02:52,204 - utils.nhl_api - INFO - Fetching details for game ID 2024021183...
2025-03-28 11:02:52,976 - httpx - INFO - HTTP Request: GET https://api-web.nhle.com/v1/gamecenter/2024021183/boxscore "HTTP/1.1 200 OK"
2025-03-28 11:02:52,976 - utils.nhl_api - INFO - HTTP Request: GET https://api-web.nhle.com/v1/gamecenter/2024021183/boxscore "200"
2025-03-28 11:02:52,976 - utils.nhl_api - INFO - Retrieved details for game 2024021183

Fetching attendance:  87%|########7 | 47/54 [00:48<00:07,  1.03s/it]2025-03-28 11:02:53,078 - utils.nhl_api - INFO - NHL API Client initialized for season 20242025
2025-03-28 11:02:53,078 - utils.nhl_api - INFO - Fetching details for game ID 2024021182...
2025-03-28 11:02:53,840 - httpx - INFO - HTTP Request: GET https://api-web.nhle.com/v1/gamecenter/2024021182/boxscore "HTTP/1.1 200 OK"
2025-03-28 11:02:53,841 - utils.nhl_api - INFO - HTTP Request: GET https://api-web.nhle.com/v1/gamecenter/2024021182/boxscore "200"
2025-03-28 11:02:53,841 - utils.nhl_api - INFO - Retrieved details for game 2024021182

Fetching attendance:  89%|########8 | 48/54 [00:49<00:05,  1.02it/s]2025-03-28 11:02:53,942 - utils.nhl_api - INFO - NHL API Client initialized for season 20242025
2025-03-28 11:02:53,942 - utils.nhl_api - INFO - Fetching details for game ID 2024021186...
2025-03-28 11:02:54,715 - httpx - INFO - HTTP Request: GET https://api-web.nhle.com/v1/gamecenter/2024021186/boxscore "HTTP/1.1 200 OK"
2025-03-28 11:02:54,715 - utils.nhl_api - INFO - HTTP Request: GET https://api-web.nhle.com/v1/gamecenter/2024021186/boxscore "200"
2025-03-28 11:02:54,717 - utils.nhl_api - INFO - Retrieved details for game 2024021186

Fetching attendance:  91%|######### | 49/54 [00:50<00:04,  1.06it/s]2025-03-28 11:02:54,818 - utils.nhl_api - INFO - NHL API Client initialized for season 20242025
2025-03-28 11:02:54,818 - utils.nhl_api - INFO - Fetching details for game ID 2024021195...
2025-03-28 11:02:56,119 - httpx - INFO - HTTP Request: GET https://api-web.nhle.com/v1/gamecenter/2024021195/boxscore "HTTP/1.1 200 OK"
2025-03-28 11:02:56,120 - utils.nhl_api - INFO - HTTP Request: GET https://api-web.nhle.com/v1/gamecenter/2024021195/boxscore "200"
2025-03-28 11:02:56,120 - utils.nhl_api - INFO - Retrieved details for game 2024021195

Fetching attendance:  93%|#########2| 50/54 [00:51<00:04,  1.08s/it]2025-03-28 11:02:56,220 - utils.nhl_api - INFO - NHL API Client initialized for season 20242025
2025-03-28 11:02:56,220 - utils.nhl_api - INFO - Fetching details for game ID 2024021192...
2025-03-28 11:02:57,382 - httpx - INFO - HTTP Request: GET https://api-web.nhle.com/v1/gamecenter/2024021192/boxscore "HTTP/1.1 200 OK"
2025-03-28 11:02:57,382 - utils.nhl_api - INFO - HTTP Request: GET https://api-web.nhle.com/v1/gamecenter/2024021192/boxscore "200"
2025-03-28 11:02:57,382 - utils.nhl_api - INFO - Retrieved details for game 2024021192

Fetching attendance:  94%|#########4| 51/54 [00:53<00:03,  1.14s/it]2025-03-28 11:02:57,484 - utils.nhl_api - INFO - NHL API Client initialized for season 20242025
2025-03-28 11:02:57,484 - utils.nhl_api - INFO - Fetching details for game ID 2024021193...
2025-03-28 11:02:58,206 - httpx - INFO - HTTP Request: GET https://api-web.nhle.com/v1/gamecenter/2024021193/boxscore "HTTP/1.1 200 OK"
2025-03-28 11:02:58,206 - utils.nhl_api - INFO - HTTP Request: GET https://api-web.nhle.com/v1/gamecenter/2024021193/boxscore "200"
2025-03-28 11:02:58,206 - utils.nhl_api - INFO - Retrieved details for game 2024021193

Fetching attendance:  96%|#########6| 52/54 [00:53<00:02,  1.04s/it]2025-03-28 11:02:58,307 - utils.nhl_api - INFO - NHL API Client initialized for season 20242025
2025-03-28 11:02:58,307 - utils.nhl_api - INFO - Fetching details for game ID 2024021194...
2025-03-28 11:02:58,991 - httpx - INFO - HTTP Request: GET https://api-web.nhle.com/v1/gamecenter/2024021194/boxscore "HTTP/1.1 200 OK"
2025-03-28 11:02:58,992 - utils.nhl_api - INFO - HTTP Request: GET https://api-web.nhle.com/v1/gamecenter/2024021194/boxscore "200"
2025-03-28 11:02:58,992 - utils.nhl_api - INFO - Retrieved details for game 2024021194

Fetching attendance:  98%|#########8| 53/54 [00:54<00:00,  1.03it/s]2025-03-28 11:02:59,094 - utils.nhl_api - INFO - NHL API Client initialized for season 20242025
2025-03-28 11:02:59,094 - utils.nhl_api - INFO - Fetching details for game ID 2024021196...
2025-03-28 11:02:59,889 - httpx - INFO - HTTP Request: GET https://api-web.nhle.com/v1/gamecenter/2024021196/boxscore "HTTP/1.1 200 OK"
2025-03-28 11:02:59,889 - utils.nhl_api - INFO - HTTP Request: GET https://api-web.nhle.com/v1/gamecenter/2024021196/boxscore "200"
2025-03-28 11:02:59,889 - utils.nhl_api - INFO - Retrieved details for game 2024021196

Fetching attendance: 100%|##########| 54/54 [00:55<00:00,  1.06it/s]
Fetching attendance: 100%|##########| 54/54 [00:55<00:00,  1.03s/it]
2025-03-28 11:03:00,361 - __main__ - INFO - Added attendance data for 54 games
2025-03-28 11:03:00,383 - __main__ - INFO - Saved regular_season schedule with travel and attendance data for 54 games

Processing teams:   0%|          | 0/33 [00:00<?, ?it/s]2025-03-28 11:03:00,384 - utils.nhl_api - INFO - NHL API Client initialized for season 20242025
2025-03-28 11:03:00,384 - utils.nhl_api - INFO - Fetching roster for team ID 1...
2025-03-28 11:03:01,362 - httpx - INFO - HTTP Request: GET https://api-web.nhle.com/v1/roster/1/20232024 "HTTP/1.1 404 Not Found"
2025-03-28 11:03:01,363 - utils.nhl_api - WARNING - Could not fetch roster using standard method: Request to roster/1/20232024 failed
2025-03-28 11:03:02,720 - httpx - INFO - HTTP Request: GET https://api-web.nhle.com/v1/roster/1/20232024 "HTTP/1.1 404 Not Found"
2025-03-28 11:03:02,721 - utils.nhl_api - INFO - HTTP Request: GET https://api-web.nhle.com/v1/roster/1/20232024 "404"
2025-03-28 11:03:03,646 - httpx - INFO - HTTP Request: GET https://api-web.nhle.com/v1/club-stats/1/now "HTTP/1.1 404 Not Found"
2025-03-28 11:03:03,647 - utils.nhl_api - INFO - HTTP Request: GET https://api-web.nhle.com/v1/club-stats/1/now "404"
2025-03-28 11:03:03,647 - utils.nhl_api - WARNING - All roster fetch methods failed, returning empty DataFrame

Processing teams:   3%|3         | 1/33 [00:03<01:44,  3.26s/it]2025-03-28 11:03:03,649 - utils.nhl_api - INFO - NHL API Client initialized for season 20242025
2025-03-28 11:03:03,649 - utils.nhl_api - INFO - Fetching roster for team ID 2...
2025-03-28 11:03:04,377 - httpx - INFO - HTTP Request: GET https://api-web.nhle.com/v1/roster/2/20232024 "HTTP/1.1 404 Not Found"
2025-03-28 11:03:04,378 - utils.nhl_api - WARNING - Could not fetch roster using standard method: Request to roster/2/20232024 failed
2025-03-28 11:03:05,319 - httpx - INFO - HTTP Request: GET https://api-web.nhle.com/v1/roster/2/20232024 "HTTP/1.1 404 Not Found"
2025-03-28 11:03:05,319 - utils.nhl_api - INFO - HTTP Request: GET https://api-web.nhle.com/v1/roster/2/20232024 "404"
2025-03-28 11:03:06,039 - httpx - INFO - HTTP Request: GET https://api-web.nhle.com/v1/club-stats/2/now "HTTP/1.1 404 Not Found"
2025-03-28 11:03:06,039 - utils.nhl_api - INFO - HTTP Request: GET https://api-web.nhle.com/v1/club-stats/2/now "404"
2025-03-28 11:03:06,039 - utils.nhl_api - WARNING - All roster fetch methods failed, returning empty DataFrame

Processing teams:   6%|6         | 2/33 [00:05<01:25,  2.75s/it]2025-03-28 11:03:06,040 - utils.nhl_api - INFO - NHL API Client initialized for season 20242025
2025-03-28 11:03:06,040 - utils.nhl_api - INFO - Fetching roster for team ID 3...
2025-03-28 11:03:06,873 - httpx - INFO - HTTP Request: GET https://api-web.nhle.com/v1/roster/3/20232024 "HTTP/1.1 404 Not Found"
2025-03-28 11:03:06,873 - utils.nhl_api - WARNING - Could not fetch roster using standard method: Request to roster/3/20232024 failed
2025-03-28 11:03:07,819 - httpx - INFO - HTTP Request: GET https://api-web.nhle.com/v1/roster/3/20232024 "HTTP/1.1 404 Not Found"
2025-03-28 11:03:07,820 - utils.nhl_api - INFO - HTTP Request: GET https://api-web.nhle.com/v1/roster/3/20232024 "404"
2025-03-28 11:03:09,052 - httpx - INFO - HTTP Request: GET https://api-web.nhle.com/v1/club-stats/3/now "HTTP/1.1 404 Not Found"
2025-03-28 11:03:09,052 - utils.nhl_api - INFO - HTTP Request: GET https://api-web.nhle.com/v1/club-stats/3/now "404"
2025-03-28 11:03:09,052 - utils.nhl_api - WARNING - All roster fetch methods failed, returning empty DataFrame

Processing teams:   9%|9         | 3/33 [00:08<01:26,  2.87s/it]2025-03-28 11:03:09,054 - utils.nhl_api - INFO - NHL API Client initialized for season 20242025
2025-03-28 11:03:09,054 - utils.nhl_api - INFO - Fetching roster for team ID 4...
2025-03-28 11:03:09,951 - httpx - INFO - HTTP Request: GET https://api-web.nhle.com/v1/roster/4/20232024 "HTTP/1.1 404 Not Found"
2025-03-28 11:03:09,951 - utils.nhl_api - WARNING - Could not fetch roster using standard method: Request to roster/4/20232024 failed
2025-03-28 11:03:10,646 - httpx - INFO - HTTP Request: GET https://api-web.nhle.com/v1/roster/4/20232024 "HTTP/1.1 404 Not Found"
2025-03-28 11:03:10,647 - utils.nhl_api - INFO - HTTP Request: GET https://api-web.nhle.com/v1/roster/4/20232024 "404"
2025-03-28 11:03:11,386 - httpx - INFO - HTTP Request: GET https://api-web.nhle.com/v1/club-stats/4/now "HTTP/1.1 404 Not Found"
2025-03-28 11:03:11,387 - utils.nhl_api - INFO - HTTP Request: GET https://api-web.nhle.com/v1/club-stats/4/now "404"
2025-03-28 11:03:11,387 - utils.nhl_api - WARNING - All roster fetch methods failed, returning empty DataFrame

Processing teams:  12%|#2        | 4/33 [00:11<01:17,  2.66s/it]2025-03-28 11:03:11,387 - utils.nhl_api - INFO - NHL API Client initialized for season 20242025
2025-03-28 11:03:11,387 - utils.nhl_api - INFO - Fetching roster for team ID 5...
2025-03-28 11:03:12,099 - httpx - INFO - HTTP Request: GET https://api-web.nhle.com/v1/roster/5/20232024 "HTTP/1.1 404 Not Found"
2025-03-28 11:03:12,100 - utils.nhl_api - WARNING - Could not fetch roster using standard method: Request to roster/5/20232024 failed
2025-03-28 11:03:12,918 - httpx - INFO - HTTP Request: GET https://api-web.nhle.com/v1/roster/5/20232024 "HTTP/1.1 404 Not Found"
2025-03-28 11:03:12,919 - utils.nhl_api - INFO - HTTP Request: GET https://api-web.nhle.com/v1/roster/5/20232024 "404"
2025-03-28 11:03:13,810 - httpx - INFO - HTTP Request: GET https://api-web.nhle.com/v1/club-stats/5/now "HTTP/1.1 404 Not Found"
2025-03-28 11:03:13,811 - utils.nhl_api - INFO - HTTP Request: GET https://api-web.nhle.com/v1/club-stats/5/now "404"
2025-03-28 11:03:13,811 - utils.nhl_api - WARNING - All roster fetch methods failed, returning empty DataFrame

Processing teams:  15%|#5        | 5/33 [00:13<01:12,  2.57s/it]2025-03-28 11:03:13,812 - utils.nhl_api - INFO - NHL API Client initialized for season 20242025
2025-03-28 11:03:13,813 - utils.nhl_api - INFO - Fetching roster for team ID 6...
2025-03-28 11:03:14,934 - httpx - INFO - HTTP Request: GET https://api-web.nhle.com/v1/roster/6/20232024 "HTTP/1.1 404 Not Found"
2025-03-28 11:03:14,934 - utils.nhl_api - WARNING - Could not fetch roster using standard method: Request to roster/6/20232024 failed
2025-03-28 11:03:15,897 - httpx - INFO - HTTP Request: GET https://api-web.nhle.com/v1/roster/6/20232024 "HTTP/1.1 404 Not Found"
2025-03-28 11:03:15,897 - utils.nhl_api - INFO - HTTP Request: GET https://api-web.nhle.com/v1/roster/6/20232024 "404"
2025-03-28 11:03:16,585 - httpx - INFO - HTTP Request: GET https://api-web.nhle.com/v1/club-stats/6/now "HTTP/1.1 404 Not Found"
2025-03-28 11:03:16,586 - utils.nhl_api - INFO - HTTP Request: GET https://api-web.nhle.com/v1/club-stats/6/now "404"
2025-03-28 11:03:16,586 - utils.nhl_api - WARNING - All roster fetch methods failed, returning empty DataFrame

Processing teams:  18%|#8        | 6/33 [00:16<01:11,  2.64s/it]2025-03-28 11:03:16,586 - utils.nhl_api - INFO - NHL API Client initialized for season 20242025
2025-03-28 11:03:16,586 - utils.nhl_api - INFO - Fetching roster for team ID 7...
2025-03-28 11:03:17,272 - httpx - INFO - HTTP Request: GET https://api-web.nhle.com/v1/roster/7/20232024 "HTTP/1.1 404 Not Found"
2025-03-28 11:03:17,272 - utils.nhl_api - WARNING - Could not fetch roster using standard method: Request to roster/7/20232024 failed
2025-03-28 11:03:17,923 - httpx - INFO - HTTP Request: GET https://api-web.nhle.com/v1/roster/7/20232024 "HTTP/1.1 404 Not Found"
2025-03-28 11:03:17,923 - utils.nhl_api - INFO - HTTP Request: GET https://api-web.nhle.com/v1/roster/7/20232024 "404"
2025-03-28 11:03:18,605 - httpx - INFO - HTTP Request: GET https://api-web.nhle.com/v1/club-stats/7/now "HTTP/1.1 404 Not Found"
2025-03-28 11:03:18,605 - utils.nhl_api - INFO - HTTP Request: GET https://api-web.nhle.com/v1/club-stats/7/now "404"
2025-03-28 11:03:18,605 - utils.nhl_api - WARNING - All roster fetch methods failed, returning empty DataFrame

Processing teams:  21%|##1       | 7/33 [00:18<01:03,  2.44s/it]2025-03-28 11:03:18,606 - utils.nhl_api - INFO - NHL API Client initialized for season 20242025
2025-03-28 11:03:18,607 - utils.nhl_api - INFO - Fetching roster for team ID 8...
2025-03-28 11:03:19,603 - httpx - INFO - HTTP Request: GET https://api-web.nhle.com/v1/roster/8/20232024 "HTTP/1.1 404 Not Found"
2025-03-28 11:03:19,604 - utils.nhl_api - WARNING - Could not fetch roster using standard method: Request to roster/8/20232024 failed
2025-03-28 11:03:20,740 - httpx - INFO - HTTP Request: GET https://api-web.nhle.com/v1/roster/8/20232024 "HTTP/1.1 404 Not Found"
2025-03-28 11:03:20,740 - utils.nhl_api - INFO - HTTP Request: GET https://api-web.nhle.com/v1/roster/8/20232024 "404"
2025-03-28 11:03:21,928 - httpx - INFO - HTTP Request: GET https://api-web.nhle.com/v1/club-stats/8/now "HTTP/1.1 404 Not Found"
2025-03-28 11:03:21,929 - utils.nhl_api - INFO - HTTP Request: GET https://api-web.nhle.com/v1/club-stats/8/now "404"
2025-03-28 11:03:21,929 - utils.nhl_api - WARNING - All roster fetch methods failed, returning empty DataFrame

Processing teams:  24%|##4       | 8/33 [00:21<01:08,  2.72s/it]2025-03-28 11:03:21,930 - utils.nhl_api - INFO - NHL API Client initialized for season 20242025
2025-03-28 11:03:21,930 - utils.nhl_api - INFO - Fetching roster for team ID 9...
2025-03-28 11:03:22,715 - httpx - INFO - HTTP Request: GET https://api-web.nhle.com/v1/roster/9/20232024 "HTTP/1.1 404 Not Found"
2025-03-28 11:03:22,716 - utils.nhl_api - WARNING - Could not fetch roster using standard method: Request to roster/9/20232024 failed
2025-03-28 11:03:23,432 - httpx - INFO - HTTP Request: GET https://api-web.nhle.com/v1/roster/9/20232024 "HTTP/1.1 404 Not Found"
2025-03-28 11:03:23,432 - utils.nhl_api - INFO - HTTP Request: GET https://api-web.nhle.com/v1/roster/9/20232024 "404"
2025-03-28 11:03:24,128 - httpx - INFO - HTTP Request: GET https://api-web.nhle.com/v1/club-stats/9/now "HTTP/1.1 404 Not Found"
2025-03-28 11:03:24,129 - utils.nhl_api - INFO - HTTP Request: GET https://api-web.nhle.com/v1/club-stats/9/now "404"
2025-03-28 11:03:24,129 - utils.nhl_api - WARNING - All roster fetch methods failed, returning empty DataFrame

Processing teams:  27%|##7       | 9/33 [00:23<01:01,  2.56s/it]2025-03-28 11:03:24,130 - utils.nhl_api - INFO - NHL API Client initialized for season 20242025
2025-03-28 11:03:24,130 - utils.nhl_api - INFO - Fetching roster for team ID 10...
2025-03-28 11:03:24,972 - httpx - INFO - HTTP Request: GET https://api-web.nhle.com/v1/roster/10/20232024 "HTTP/1.1 404 Not Found"
2025-03-28 11:03:24,973 - utils.nhl_api - WARNING - Could not fetch roster using standard method: Request to roster/10/20232024 failed
2025-03-28 11:03:25,969 - httpx - INFO - HTTP Request: GET https://api-web.nhle.com/v1/roster/10/20232024 "HTTP/1.1 404 Not Found"
2025-03-28 11:03:25,970 - utils.nhl_api - INFO - HTTP Request: GET https://api-web.nhle.com/v1/roster/10/20232024 "404"
2025-03-28 11:03:27,127 - httpx - INFO - HTTP Request: GET https://api-web.nhle.com/v1/club-stats/10/now "HTTP/1.1 404 Not Found"
2025-03-28 11:03:27,129 - utils.nhl_api - INFO - HTTP Request: GET https://api-web.nhle.com/v1/club-stats/10/now "404"
2025-03-28 11:03:27,129 - utils.nhl_api - WARNING - All roster fetch methods failed, returning empty DataFrame

Processing teams:  30%|###       | 10/33 [00:26<01:01,  2.69s/it]2025-03-28 11:03:27,130 - utils.nhl_api - INFO - NHL API Client initialized for season 20242025
2025-03-28 11:03:27,130 - utils.nhl_api - INFO - Fetching roster for team ID 12...
2025-03-28 11:03:28,236 - httpx - INFO - HTTP Request: GET https://api-web.nhle.com/v1/roster/12/20232024 "HTTP/1.1 404 Not Found"
2025-03-28 11:03:28,236 - utils.nhl_api - WARNING - Could not fetch roster using standard method: Request to roster/12/20232024 failed
2025-03-28 11:03:29,053 - httpx - INFO - HTTP Request: GET https://api-web.nhle.com/v1/roster/12/20232024 "HTTP/1.1 404 Not Found"
2025-03-28 11:03:29,054 - utils.nhl_api - INFO - HTTP Request: GET https://api-web.nhle.com/v1/roster/12/20232024 "404"
2025-03-28 11:03:29,742 - httpx - INFO - HTTP Request: GET https://api-web.nhle.com/v1/club-stats/12/now "HTTP/1.1 404 Not Found"
2025-03-28 11:03:29,743 - utils.nhl_api - INFO - HTTP Request: GET https://api-web.nhle.com/v1/club-stats/12/now "404"
2025-03-28 11:03:29,743 - utils.nhl_api - WARNING - All roster fetch methods failed, returning empty DataFrame

Processing teams:  33%|###3      | 11/33 [00:29<00:58,  2.67s/it]2025-03-28 11:03:29,744 - utils.nhl_api - INFO - NHL API Client initialized for season 20242025
2025-03-28 11:03:29,744 - utils.nhl_api - INFO - Fetching roster for team ID 13...
2025-03-28 11:03:30,564 - httpx - INFO - HTTP Request: GET https://api-web.nhle.com/v1/roster/13/20232024 "HTTP/1.1 404 Not Found"
2025-03-28 11:03:30,564 - utils.nhl_api - WARNING - Could not fetch roster using standard method: Request to roster/13/20232024 failed
2025-03-28 11:03:31,268 - httpx - INFO - HTTP Request: GET https://api-web.nhle.com/v1/roster/13/20232024 "HTTP/1.1 404 Not Found"
2025-03-28 11:03:31,269 - utils.nhl_api - INFO - HTTP Request: GET https://api-web.nhle.com/v1/roster/13/20232024 "404"
2025-03-28 11:03:32,303 - httpx - INFO - HTTP Request: GET https://api-web.nhle.com/v1/club-stats/13/now "HTTP/1.1 404 Not Found"
2025-03-28 11:03:32,303 - utils.nhl_api - INFO - HTTP Request: GET https://api-web.nhle.com/v1/club-stats/13/now "404"
2025-03-28 11:03:32,304 - utils.nhl_api - WARNING - All roster fetch methods failed, returning empty DataFrame

Processing teams:  36%|###6      | 12/33 [00:31<00:55,  2.64s/it]2025-03-28 11:03:32,305 - utils.nhl_api - INFO - NHL API Client initialized for season 20242025
2025-03-28 11:03:32,305 - utils.nhl_api - INFO - Fetching roster for team ID 14...
2025-03-28 11:03:33,449 - httpx - INFO - HTTP Request: GET https://api-web.nhle.com/v1/roster/14/20232024 "HTTP/1.1 404 Not Found"
2025-03-28 11:03:33,449 - utils.nhl_api - WARNING - Could not fetch roster using standard method: Request to roster/14/20232024 failed
2025-03-28 11:03:34,270 - httpx - INFO - HTTP Request: GET https://api-web.nhle.com/v1/roster/14/20232024 "HTTP/1.1 404 Not Found"
2025-03-28 11:03:34,270 - utils.nhl_api - INFO - HTTP Request: GET https://api-web.nhle.com/v1/roster/14/20232024 "404"
2025-03-28 11:03:34,964 - httpx - INFO - HTTP Request: GET https://api-web.nhle.com/v1/club-stats/14/now "HTTP/1.1 404 Not Found"
2025-03-28 11:03:34,965 - utils.nhl_api - INFO - HTTP Request: GET https://api-web.nhle.com/v1/club-stats/14/now "404"
2025-03-28 11:03:34,965 - utils.nhl_api - WARNING - All roster fetch methods failed, returning empty DataFrame

Processing teams:  39%|###9      | 13/33 [00:34<00:52,  2.64s/it]2025-03-28 11:03:34,966 - utils.nhl_api - INFO - NHL API Client initialized for season 20242025
2025-03-28 11:03:34,966 - utils.nhl_api - INFO - Fetching roster for team ID 15...
2025-03-28 11:03:35,683 - httpx - INFO - HTTP Request: GET https://api-web.nhle.com/v1/roster/15/20232024 "HTTP/1.1 404 Not Found"
2025-03-28 11:03:35,684 - utils.nhl_api - WARNING - Could not fetch roster using standard method: Request to roster/15/20232024 failed
2025-03-28 11:03:36,507 - httpx - INFO - HTTP Request: GET https://api-web.nhle.com/v1/roster/15/20232024 "HTTP/1.1 404 Not Found"
2025-03-28 11:03:36,507 - utils.nhl_api - INFO - HTTP Request: GET https://api-web.nhle.com/v1/roster/15/20232024 "404"
2025-03-28 11:03:37,203 - httpx - INFO - HTTP Request: GET https://api-web.nhle.com/v1/club-stats/15/now "HTTP/1.1 404 Not Found"
2025-03-28 11:03:37,206 - utils.nhl_api - INFO - HTTP Request: GET https://api-web.nhle.com/v1/club-stats/15/now "404"
2025-03-28 11:03:37,206 - utils.nhl_api - WARNING - All roster fetch methods failed, returning empty DataFrame

Processing teams:  42%|####2     | 14/33 [00:36<00:47,  2.52s/it]2025-03-28 11:03:37,206 - utils.nhl_api - INFO - NHL API Client initialized for season 20242025
2025-03-28 11:03:37,206 - utils.nhl_api - INFO - Fetching roster for team ID 16...
2025-03-28 11:03:38,420 - httpx - INFO - HTTP Request: GET https://api-web.nhle.com/v1/roster/16/20232024 "HTTP/1.1 404 Not Found"
2025-03-28 11:03:38,421 - utils.nhl_api - WARNING - Could not fetch roster using standard method: Request to roster/16/20232024 failed
2025-03-28 11:03:39,635 - httpx - INFO - HTTP Request: GET https://api-web.nhle.com/v1/roster/16/20232024 "HTTP/1.1 404 Not Found"
2025-03-28 11:03:39,636 - utils.nhl_api - INFO - HTTP Request: GET https://api-web.nhle.com/v1/roster/16/20232024 "404"
2025-03-28 11:03:40,453 - httpx - INFO - HTTP Request: GET https://api-web.nhle.com/v1/club-stats/16/now "HTTP/1.1 404 Not Found"
2025-03-28 11:03:40,454 - utils.nhl_api - INFO - HTTP Request: GET https://api-web.nhle.com/v1/club-stats/16/now "404"
2025-03-28 11:03:40,454 - utils.nhl_api - WARNING - All roster fetch methods failed, returning empty DataFrame

Processing teams:  45%|####5     | 15/33 [00:40<00:49,  2.74s/it]2025-03-28 11:03:40,454 - utils.nhl_api - INFO - NHL API Client initialized for season 20242025
2025-03-28 11:03:40,455 - utils.nhl_api - INFO - Fetching roster for team ID 17...
2025-03-28 11:03:41,156 - httpx - INFO - HTTP Request: GET https://api-web.nhle.com/v1/roster/17/20232024 "HTTP/1.1 404 Not Found"
2025-03-28 11:03:41,157 - utils.nhl_api - WARNING - Could not fetch roster using standard method: Request to roster/17/20232024 failed
2025-03-28 11:03:41,847 - httpx - INFO - HTTP Request: GET https://api-web.nhle.com/v1/roster/17/20232024 "HTTP/1.1 404 Not Found"
2025-03-28 11:03:41,848 - utils.nhl_api - INFO - HTTP Request: GET https://api-web.nhle.com/v1/roster/17/20232024 "404"
2025-03-28 11:03:42,658 - httpx - INFO - HTTP Request: GET https://api-web.nhle.com/v1/club-stats/17/now "HTTP/1.1 404 Not Found"
2025-03-28 11:03:42,659 - utils.nhl_api - INFO - HTTP Request: GET https://api-web.nhle.com/v1/club-stats/17/now "404"
2025-03-28 11:03:42,659 - utils.nhl_api - WARNING - All roster fetch methods failed, returning empty DataFrame

Processing teams:  48%|####8     | 16/33 [00:42<00:43,  2.58s/it]2025-03-28 11:03:42,660 - utils.nhl_api - INFO - NHL API Client initialized for season 20242025
2025-03-28 11:03:42,660 - utils.nhl_api - INFO - Fetching roster for team ID 18...
2025-03-28 11:03:43,374 - httpx - INFO - HTTP Request: GET https://api-web.nhle.com/v1/roster/18/20232024 "HTTP/1.1 404 Not Found"
2025-03-28 11:03:43,376 - utils.nhl_api - WARNING - Could not fetch roster using standard method: Request to roster/18/20232024 failed
2025-03-28 11:03:44,519 - httpx - INFO - HTTP Request: GET https://api-web.nhle.com/v1/roster/18/20232024 "HTTP/1.1 404 Not Found"
2025-03-28 11:03:44,519 - utils.nhl_api - INFO - HTTP Request: GET https://api-web.nhle.com/v1/roster/18/20232024 "404"
2025-03-28 11:03:45,546 - httpx - INFO - HTTP Request: GET https://api-web.nhle.com/v1/club-stats/18/now "HTTP/1.1 404 Not Found"
2025-03-28 11:03:45,546 - utils.nhl_api - INFO - HTTP Request: GET https://api-web.nhle.com/v1/club-stats/18/now "404"
2025-03-28 11:03:45,546 - utils.nhl_api - WARNING - All roster fetch methods failed, returning empty DataFrame

Processing teams:  52%|#####1    | 17/33 [00:45<00:42,  2.67s/it]2025-03-28 11:03:45,549 - utils.nhl_api - INFO - NHL API Client initialized for season 20242025
2025-03-28 11:03:45,549 - utils.nhl_api - INFO - Fetching roster for team ID 19...
2025-03-28 11:03:46,414 - httpx - INFO - HTTP Request: GET https://api-web.nhle.com/v1/roster/19/20232024 "HTTP/1.1 404 Not Found"
2025-03-28 11:03:46,415 - utils.nhl_api - WARNING - Could not fetch roster using standard method: Request to roster/19/20232024 failed
2025-03-28 11:03:47,094 - httpx - INFO - HTTP Request: GET https://api-web.nhle.com/v1/roster/19/20232024 "HTTP/1.1 404 Not Found"
2025-03-28 11:03:47,094 - utils.nhl_api - INFO - HTTP Request: GET https://api-web.nhle.com/v1/roster/19/20232024 "404"
2025-03-28 11:03:47,827 - httpx - INFO - HTTP Request: GET https://api-web.nhle.com/v1/club-stats/19/now "HTTP/1.1 404 Not Found"
2025-03-28 11:03:47,828 - utils.nhl_api - INFO - HTTP Request: GET https://api-web.nhle.com/v1/club-stats/19/now "404"
2025-03-28 11:03:47,828 - utils.nhl_api - WARNING - All roster fetch methods failed, returning empty DataFrame

Processing teams:  55%|#####4    | 18/33 [00:47<00:38,  2.55s/it]2025-03-28 11:03:47,828 - utils.nhl_api - INFO - NHL API Client initialized for season 20242025
2025-03-28 11:03:47,828 - utils.nhl_api - INFO - Fetching roster for team ID 20...
2025-03-28 11:03:48,659 - httpx - INFO - HTTP Request: GET https://api-web.nhle.com/v1/roster/20/20232024 "HTTP/1.1 404 Not Found"
2025-03-28 11:03:48,659 - utils.nhl_api - WARNING - Could not fetch roster using standard method: Request to roster/20/20232024 failed
2025-03-28 11:03:49,350 - httpx - INFO - HTTP Request: GET https://api-web.nhle.com/v1/roster/20/20232024 "HTTP/1.1 404 Not Found"
2025-03-28 11:03:49,351 - utils.nhl_api - INFO - HTTP Request: GET https://api-web.nhle.com/v1/roster/20/20232024 "404"
2025-03-28 11:03:50,356 - httpx - INFO - HTTP Request: GET https://api-web.nhle.com/v1/club-stats/20/now "HTTP/1.1 404 Not Found"
2025-03-28 11:03:50,357 - utils.nhl_api - INFO - HTTP Request: GET https://api-web.nhle.com/v1/club-stats/20/now "404"
2025-03-28 11:03:50,358 - utils.nhl_api - WARNING - All roster fetch methods failed, returning empty DataFrame

Processing teams:  58%|#####7    | 19/33 [00:49<00:35,  2.55s/it]2025-03-28 11:03:50,358 - utils.nhl_api - INFO - NHL API Client initialized for season 20242025
2025-03-28 11:03:50,358 - utils.nhl_api - INFO - Fetching roster for team ID 21...
2025-03-28 11:03:51,467 - httpx - INFO - HTTP Request: GET https://api-web.nhle.com/v1/roster/21/20232024 "HTTP/1.1 404 Not Found"
2025-03-28 11:03:51,468 - utils.nhl_api - WARNING - Could not fetch roster using standard method: Request to roster/21/20232024 failed
2025-03-28 11:03:52,467 - httpx - INFO - HTTP Request: GET https://api-web.nhle.com/v1/roster/21/20232024 "HTTP/1.1 404 Not Found"
2025-03-28 11:03:52,467 - utils.nhl_api - INFO - HTTP Request: GET https://api-web.nhle.com/v1/roster/21/20232024 "404"
2025-03-28 11:03:53,152 - httpx - INFO - HTTP Request: GET https://api-web.nhle.com/v1/club-stats/21/now "HTTP/1.1 404 Not Found"
2025-03-28 11:03:53,153 - utils.nhl_api - INFO - HTTP Request: GET https://api-web.nhle.com/v1/club-stats/21/now "404"
2025-03-28 11:03:53,153 - utils.nhl_api - WARNING - All roster fetch methods failed, returning empty DataFrame

Processing teams:  61%|######    | 20/33 [00:52<00:34,  2.62s/it]2025-03-28 11:03:53,154 - utils.nhl_api - INFO - NHL API Client initialized for season 20242025
2025-03-28 11:03:53,154 - utils.nhl_api - INFO - Fetching roster for team ID 22...
2025-03-28 11:03:53,839 - httpx - INFO - HTTP Request: GET https://api-web.nhle.com/v1/roster/22/20232024 "HTTP/1.1 404 Not Found"
2025-03-28 11:03:53,839 - utils.nhl_api - WARNING - Could not fetch roster using standard method: Request to roster/22/20232024 failed
2025-03-28 11:03:54,484 - httpx - INFO - HTTP Request: GET https://api-web.nhle.com/v1/roster/22/20232024 "HTTP/1.1 404 Not Found"
2025-03-28 11:03:54,485 - utils.nhl_api - INFO - HTTP Request: GET https://api-web.nhle.com/v1/roster/22/20232024 "404"
2025-03-28 11:03:55,169 - httpx - INFO - HTTP Request: GET https://api-web.nhle.com/v1/club-stats/22/now "HTTP/1.1 404 Not Found"
2025-03-28 11:03:55,170 - utils.nhl_api - INFO - HTTP Request: GET https://api-web.nhle.com/v1/club-stats/22/now "404"
2025-03-28 11:03:55,170 - utils.nhl_api - WARNING - All roster fetch methods failed, returning empty DataFrame

Processing teams:  64%|######3   | 21/33 [00:54<00:29,  2.44s/it]2025-03-28 11:03:55,171 - utils.nhl_api - INFO - NHL API Client initialized for season 20242025
2025-03-28 11:03:55,171 - utils.nhl_api - INFO - Fetching roster for team ID 23...
2025-03-28 11:03:56,163 - httpx - INFO - HTTP Request: GET https://api-web.nhle.com/v1/roster/23/20232024 "HTTP/1.1 404 Not Found"
2025-03-28 11:03:56,163 - utils.nhl_api - WARNING - Could not fetch roster using standard method: Request to roster/23/20232024 failed
2025-03-28 11:03:57,470 - httpx - INFO - HTTP Request: GET https://api-web.nhle.com/v1/roster/23/20232024 "HTTP/1.1 404 Not Found"
2025-03-28 11:03:57,471 - utils.nhl_api - INFO - HTTP Request: GET https://api-web.nhle.com/v1/roster/23/20232024 "404"
2025-03-28 11:03:58,369 - httpx - INFO - HTTP Request: GET https://api-web.nhle.com/v1/club-stats/23/now "HTTP/1.1 404 Not Found"
2025-03-28 11:03:58,370 - utils.nhl_api - INFO - HTTP Request: GET https://api-web.nhle.com/v1/club-stats/23/now "404"
2025-03-28 11:03:58,370 - utils.nhl_api - WARNING - All roster fetch methods failed, returning empty DataFrame

Processing teams:  67%|######6   | 22/33 [00:57<00:29,  2.67s/it]2025-03-28 11:03:58,371 - utils.nhl_api - INFO - NHL API Client initialized for season 20242025
2025-03-28 11:03:58,371 - utils.nhl_api - INFO - Fetching roster for team ID 24...
2025-03-28 11:03:59,052 - httpx - INFO - HTTP Request: GET https://api-web.nhle.com/v1/roster/24/20232024 "HTTP/1.1 404 Not Found"
2025-03-28 11:03:59,052 - utils.nhl_api - WARNING - Could not fetch roster using standard method: Request to roster/24/20232024 failed
2025-03-28 11:03:59,921 - httpx - INFO - HTTP Request: GET https://api-web.nhle.com/v1/roster/24/20232024 "HTTP/1.1 404 Not Found"
2025-03-28 11:03:59,922 - utils.nhl_api - INFO - HTTP Request: GET https://api-web.nhle.com/v1/roster/24/20232024 "404"
2025-03-28 11:04:00,637 - httpx - INFO - HTTP Request: GET https://api-web.nhle.com/v1/club-stats/24/now "HTTP/1.1 404 Not Found"
2025-03-28 11:04:00,637 - utils.nhl_api - INFO - HTTP Request: GET https://api-web.nhle.com/v1/club-stats/24/now "404"
2025-03-28 11:04:00,638 - utils.nhl_api - WARNING - All roster fetch methods failed, returning empty DataFrame

Processing teams:  70%|######9   | 23/33 [01:00<00:25,  2.55s/it]2025-03-28 11:04:00,639 - utils.nhl_api - INFO - NHL API Client initialized for season 20242025
2025-03-28 11:04:00,639 - utils.nhl_api - INFO - Fetching roster for team ID 25...
2025-03-28 11:04:01,340 - httpx - INFO - HTTP Request: GET https://api-web.nhle.com/v1/roster/25/20232024 "HTTP/1.1 404 Not Found"
2025-03-28 11:04:01,340 - utils.nhl_api - WARNING - Could not fetch roster using standard method: Request to roster/25/20232024 failed
2025-03-28 11:04:02,399 - httpx - INFO - HTTP Request: GET https://api-web.nhle.com/v1/roster/25/20232024 "HTTP/1.1 404 Not Found"
2025-03-28 11:04:02,400 - utils.nhl_api - INFO - HTTP Request: GET https://api-web.nhle.com/v1/roster/25/20232024 "404"
2025-03-28 11:04:03,512 - httpx - INFO - HTTP Request: GET https://api-web.nhle.com/v1/club-stats/25/now "HTTP/1.1 404 Not Found"
2025-03-28 11:04:03,512 - utils.nhl_api - INFO - HTTP Request: GET https://api-web.nhle.com/v1/club-stats/25/now "404"
2025-03-28 11:04:03,512 - utils.nhl_api - WARNING - All roster fetch methods failed, returning empty DataFrame

Processing teams:  73%|#######2  | 24/33 [01:03<00:23,  2.65s/it]2025-03-28 11:04:03,514 - utils.nhl_api - INFO - NHL API Client initialized for season 20242025
2025-03-28 11:04:03,514 - utils.nhl_api - INFO - Fetching roster for team ID 26...
2025-03-28 11:04:04,478 - httpx - INFO - HTTP Request: GET https://api-web.nhle.com/v1/roster/26/20232024 "HTTP/1.1 404 Not Found"
2025-03-28 11:04:04,479 - utils.nhl_api - WARNING - Could not fetch roster using standard method: Request to roster/26/20232024 failed
2025-03-28 11:04:05,285 - httpx - INFO - HTTP Request: GET https://api-web.nhle.com/v1/roster/26/20232024 "HTTP/1.1 404 Not Found"
2025-03-28 11:04:05,286 - utils.nhl_api - INFO - HTTP Request: GET https://api-web.nhle.com/v1/roster/26/20232024 "404"
2025-03-28 11:04:06,079 - httpx - INFO - HTTP Request: GET https://api-web.nhle.com/v1/club-stats/26/now "HTTP/1.1 404 Not Found"
2025-03-28 11:04:06,079 - utils.nhl_api - INFO - HTTP Request: GET https://api-web.nhle.com/v1/club-stats/26/now "404"
2025-03-28 11:04:06,079 - utils.nhl_api - WARNING - All roster fetch methods failed, returning empty DataFrame

Processing teams:  76%|#######5  | 25/33 [01:05<00:20,  2.62s/it]2025-03-28 11:04:06,080 - utils.nhl_api - INFO - NHL API Client initialized for season 20242025
2025-03-28 11:04:06,080 - utils.nhl_api - INFO - Fetching roster for team ID 28...
2025-03-28 11:04:07,054 - httpx - INFO - HTTP Request: GET https://api-web.nhle.com/v1/roster/28/20232024 "HTTP/1.1 404 Not Found"
2025-03-28 11:04:07,055 - utils.nhl_api - WARNING - Could not fetch roster using standard method: Request to roster/28/20232024 failed
2025-03-28 11:04:07,887 - httpx - INFO - HTTP Request: GET https://api-web.nhle.com/v1/roster/28/20232024 "HTTP/1.1 404 Not Found"
2025-03-28 11:04:07,888 - utils.nhl_api - INFO - HTTP Request: GET https://api-web.nhle.com/v1/roster/28/20232024 "404"
2025-03-28 11:04:08,770 - httpx - INFO - HTTP Request: GET https://api-web.nhle.com/v1/club-stats/28/now "HTTP/1.1 404 Not Found"
2025-03-28 11:04:08,771 - utils.nhl_api - INFO - HTTP Request: GET https://api-web.nhle.com/v1/club-stats/28/now "404"
2025-03-28 11:04:08,771 - utils.nhl_api - WARNING - All roster fetch methods failed, returning empty DataFrame

Processing teams:  79%|#######8  | 26/33 [01:08<00:18,  2.64s/it]2025-03-28 11:04:08,772 - utils.nhl_api - INFO - NHL API Client initialized for season 20242025
2025-03-28 11:04:08,772 - utils.nhl_api - INFO - Fetching roster for team ID 29...
2025-03-28 11:04:09,948 - httpx - INFO - HTTP Request: GET https://api-web.nhle.com/v1/roster/29/20232024 "HTTP/1.1 404 Not Found"
2025-03-28 11:04:09,948 - utils.nhl_api - WARNING - Could not fetch roster using standard method: Request to roster/29/20232024 failed
2025-03-28 11:04:11,107 - httpx - INFO - HTTP Request: GET https://api-web.nhle.com/v1/roster/29/20232024 "HTTP/1.1 404 Not Found"
2025-03-28 11:04:11,108 - utils.nhl_api - INFO - HTTP Request: GET https://api-web.nhle.com/v1/roster/29/20232024 "404"
2025-03-28 11:04:11,917 - httpx - INFO - HTTP Request: GET https://api-web.nhle.com/v1/club-stats/29/now "HTTP/1.1 404 Not Found"
2025-03-28 11:04:11,918 - utils.nhl_api - INFO - HTTP Request: GET https://api-web.nhle.com/v1/club-stats/29/now "404"
2025-03-28 11:04:11,918 - utils.nhl_api - WARNING - All roster fetch methods failed, returning empty DataFrame

Processing teams:  82%|########1 | 27/33 [01:11<00:16,  2.79s/it]2025-03-28 11:04:11,919 - utils.nhl_api - INFO - NHL API Client initialized for season 20242025
2025-03-28 11:04:11,920 - utils.nhl_api - INFO - Fetching roster for team ID 30...
2025-03-28 11:04:12,752 - httpx - INFO - HTTP Request: GET https://api-web.nhle.com/v1/roster/30/20232024 "HTTP/1.1 404 Not Found"
2025-03-28 11:04:12,753 - utils.nhl_api - WARNING - Could not fetch roster using standard method: Request to roster/30/20232024 failed
2025-03-28 11:04:13,432 - httpx - INFO - HTTP Request: GET https://api-web.nhle.com/v1/roster/30/20232024 "HTTP/1.1 404 Not Found"
2025-03-28 11:04:13,433 - utils.nhl_api - INFO - HTTP Request: GET https://api-web.nhle.com/v1/roster/30/20232024 "404"
2025-03-28 11:04:14,098 - httpx - INFO - HTTP Request: GET https://api-web.nhle.com/v1/club-stats/30/now "HTTP/1.1 404 Not Found"
2025-03-28 11:04:14,099 - utils.nhl_api - INFO - HTTP Request: GET https://api-web.nhle.com/v1/club-stats/30/now "404"
2025-03-28 11:04:14,099 - utils.nhl_api - WARNING - All roster fetch methods failed, returning empty DataFrame

Processing teams:  85%|########4 | 28/33 [01:13<00:13,  2.61s/it]2025-03-28 11:04:14,100 - utils.nhl_api - INFO - NHL API Client initialized for season 20242025
2025-03-28 11:04:14,100 - utils.nhl_api - INFO - Fetching roster for team ID 52...
2025-03-28 11:04:15,078 - httpx - INFO - HTTP Request: GET https://api-web.nhle.com/v1/roster/52/20232024 "HTTP/1.1 404 Not Found"
2025-03-28 11:04:15,078 - utils.nhl_api - WARNING - Could not fetch roster using standard method: Request to roster/52/20232024 failed
2025-03-28 11:04:16,303 - httpx - INFO - HTTP Request: GET https://api-web.nhle.com/v1/roster/52/20232024 "HTTP/1.1 404 Not Found"
2025-03-28 11:04:16,303 - utils.nhl_api - INFO - HTTP Request: GET https://api-web.nhle.com/v1/roster/52/20232024 "404"
2025-03-28 11:04:17,415 - httpx - INFO - HTTP Request: GET https://api-web.nhle.com/v1/club-stats/52/now "HTTP/1.1 404 Not Found"
2025-03-28 11:04:17,415 - utils.nhl_api - INFO - HTTP Request: GET https://api-web.nhle.com/v1/club-stats/52/now "404"
2025-03-28 11:04:17,415 - utils.nhl_api - WARNING - All roster fetch methods failed, returning empty DataFrame

Processing teams:  88%|########7 | 29/33 [01:17<00:11,  2.82s/it]2025-03-28 11:04:17,417 - utils.nhl_api - INFO - NHL API Client initialized for season 20242025
2025-03-28 11:04:17,417 - utils.nhl_api - INFO - Fetching roster for team ID 53...
2025-03-28 11:04:18,234 - httpx - INFO - HTTP Request: GET https://api-web.nhle.com/v1/roster/53/20232024 "HTTP/1.1 404 Not Found"
2025-03-28 11:04:18,235 - utils.nhl_api - WARNING - Could not fetch roster using standard method: Request to roster/53/20232024 failed
2025-03-28 11:04:18,897 - httpx - INFO - HTTP Request: GET https://api-web.nhle.com/v1/roster/53/20232024 "HTTP/1.1 404 Not Found"
2025-03-28 11:04:18,897 - utils.nhl_api - INFO - HTTP Request: GET https://api-web.nhle.com/v1/roster/53/20232024 "404"
2025-03-28 11:04:19,577 - httpx - INFO - HTTP Request: GET https://api-web.nhle.com/v1/club-stats/53/now "HTTP/1.1 404 Not Found"
2025-03-28 11:04:19,579 - utils.nhl_api - INFO - HTTP Request: GET https://api-web.nhle.com/v1/club-stats/53/now "404"
2025-03-28 11:04:19,579 - utils.nhl_api - WARNING - All roster fetch methods failed, returning empty DataFrame

Processing teams:  91%|######### | 30/33 [01:19<00:07,  2.62s/it]2025-03-28 11:04:19,579 - utils.nhl_api - INFO - NHL API Client initialized for season 20242025
2025-03-28 11:04:19,579 - utils.nhl_api - INFO - Fetching roster for team ID 54...
2025-03-28 11:04:20,291 - httpx - INFO - HTTP Request: GET https://api-web.nhle.com/v1/roster/54/20232024 "HTTP/1.1 404 Not Found"
2025-03-28 11:04:20,292 - utils.nhl_api - WARNING - Could not fetch roster using standard method: Request to roster/54/20232024 failed
2025-03-28 11:04:21,430 - httpx - INFO - HTTP Request: GET https://api-web.nhle.com/v1/roster/54/20232024 "HTTP/1.1 404 Not Found"
2025-03-28 11:04:21,431 - utils.nhl_api - INFO - HTTP Request: GET https://api-web.nhle.com/v1/roster/54/20232024 "404"
2025-03-28 11:04:22,694 - httpx - INFO - HTTP Request: GET https://api-web.nhle.com/v1/club-stats/54/now "HTTP/1.1 404 Not Found"
2025-03-28 11:04:22,695 - utils.nhl_api - INFO - HTTP Request: GET https://api-web.nhle.com/v1/club-stats/54/now "404"
2025-03-28 11:04:22,695 - utils.nhl_api - WARNING - All roster fetch methods failed, returning empty DataFrame

Processing teams:  94%|#########3| 31/33 [01:22<00:05,  2.77s/it]2025-03-28 11:04:22,696 - utils.nhl_api - INFO - NHL API Client initialized for season 20242025
2025-03-28 11:04:22,696 - utils.nhl_api - INFO - Fetching roster for team ID 55...
2025-03-28 11:04:23,626 - httpx - INFO - HTTP Request: GET https://api-web.nhle.com/v1/roster/55/20232024 "HTTP/1.1 404 Not Found"
2025-03-28 11:04:23,627 - utils.nhl_api - WARNING - Could not fetch roster using standard method: Request to roster/55/20232024 failed
2025-03-28 11:04:24,463 - httpx - INFO - HTTP Request: GET https://api-web.nhle.com/v1/roster/55/20232024 "HTTP/1.1 404 Not Found"
2025-03-28 11:04:24,465 - utils.nhl_api - INFO - HTTP Request: GET https://api-web.nhle.com/v1/roster/55/20232024 "404"
2025-03-28 11:04:25,134 - httpx - INFO - HTTP Request: GET https://api-web.nhle.com/v1/club-stats/55/now "HTTP/1.1 404 Not Found"
2025-03-28 11:04:25,135 - utils.nhl_api - INFO - HTTP Request: GET https://api-web.nhle.com/v1/club-stats/55/now "404"
2025-03-28 11:04:25,135 - utils.nhl_api - WARNING - All roster fetch methods failed, returning empty DataFrame

Processing teams:  97%|#########6| 32/33 [01:24<00:02,  2.67s/it]2025-03-28 11:04:25,136 - utils.nhl_api - INFO - NHL API Client initialized for season 20242025
2025-03-28 11:04:25,136 - utils.nhl_api - INFO - Fetching roster for team ID 56...
2025-03-28 11:04:25,955 - httpx - INFO - HTTP Request: GET https://api-web.nhle.com/v1/roster/56/20232024 "HTTP/1.1 404 Not Found"
2025-03-28 11:04:25,955 - utils.nhl_api - WARNING - Could not fetch roster using standard method: Request to roster/56/20232024 failed
2025-03-28 11:04:26,610 - httpx - INFO - HTTP Request: GET https://api-web.nhle.com/v1/roster/56/20232024 "HTTP/1.1 404 Not Found"
2025-03-28 11:04:26,611 - utils.nhl_api - INFO - HTTP Request: GET https://api-web.nhle.com/v1/roster/56/20232024 "404"
2025-03-28 11:04:27,763 - httpx - INFO - HTTP Request: GET https://api-web.nhle.com/v1/club-stats/56/now "HTTP/1.1 404 Not Found"
2025-03-28 11:04:27,763 - utils.nhl_api - INFO - HTTP Request: GET https://api-web.nhle.com/v1/club-stats/56/now "404"
2025-03-28 11:04:27,763 - utils.nhl_api - WARNING - All roster fetch methods failed, returning empty DataFrame

Processing teams: 100%|##########| 33/33 [01:27<00:00,  2.66s/it]
Processing teams: 100%|##########| 33/33 [01:27<00:00,  2.65s/it]
2025-03-28 11:04:27,765 - __main__ - WARNING - Game log collection is limited due to API structure changes
2025-03-28 11:04:27,797 - __main__ - INFO - Data collection complete!

2025-03-28 11:04:28,464 - __main__ - INFO - Data collection completed in 159.76 seconds
2025-03-28 11:04:28,517 - __main__ - INFO - Setting up database...
2025-03-28 11:04:28,552 - __main__ - INFO - Executing: python D:\Python\Kopitar\kopitar\database\db_setup.py --db_path D:\Python\Kopitar\kopitar\database\nhl_performance.db --data_dir D:\Python\Kopitar\kopitar\data
2025-03-28 11:04:35,764 - __main__ - INFO - 
2025-03-28 11:04:35,765 - __main__ - WARNING - 2025-03-28 11:04:30,244 - __main__ - INFO - Connected to database: D:\Python\Kopitar\kopitar\database\nhl_performance.db
2025-03-28 11:04:30,246 - __main__ - INFO - Database tables created successfully
2025-03-28 11:04:30,246 - __main__ - INFO - Database tables created successfully
2025-03-28 11:04:30,249 - __main__ - INFO - Database indexes created successfully
2025-03-28 11:04:30,249 - __main__ - INFO - Importing data from directory: D:\Python\Kopitar\kopitar\data
2025-03-28 11:04:31,827 - __main__ - INFO - Imported 66 rows from nhl_data_20222023_20232024_RP_GDF_teams.csv into teams table
2025-03-28 11:04:32,152 - __main__ - INFO - Imported 33 rows from nhl_data_20232024_R_GDF_teams.csv into teams table
2025-03-28 11:04:32,503 - __main__ - INFO - Imported 33 rows from teams_20222023.csv into teams table
2025-03-28 11:04:32,887 - __main__ - INFO - Imported 33 rows from teams_20232024.csv into teams table
2025-03-28 11:04:33,354 - __main__ - INFO - Imported 108 rows from nhl_data_20222023_20232024_RP_GDF_schedules.csv into games table
2025-03-28 11:04:33,794 - __main__ - INFO - Imported 54 rows from nhl_data_20232024_R_GDF_schedules.csv into games table
2025-03-28 11:04:34,274 - __main__ - INFO - Imported 54 rows from schedule_R_20222023.csv into games table
2025-03-28 11:04:34,777 - __main__ - INFO - Imported 54 rows from schedule_R_20232024.csv into games table
2025-03-28 11:04:35,634 - __main__ - INFO - Database indexes created successfully
2025-03-28 11:04:35,634 - __main__ - INFO - Import statistics: {'teams': 165, 'schedules': 270, 'players': 0, 'game_logs': 0}
2025-03-28 11:04:35,634 - __main__ - INFO - Database setup complete: D:\Python\Kopitar\kopitar\database\nhl_performance.db

2025-03-28 11:04:35,765 - __main__ - INFO - Database setup completed in 7.18 seconds
2025-03-28 11:04:35,766 - __main__ - INFO - Skipping analysis step
2025-03-28 11:04:35,766 - __main__ - INFO - NHL Performance Analysis Pipeline completed successfully
